FE_REPORTE,CAMAS_ADULTOS_COVID,CAMAS_ADULTOS_NOCOVID,CAMAS_ADULTOS_OCC,CAMAS_ADULTOS_DISP,CAMAS_ADULTOS_TOTAL,CAMAS_ICU_COVID,CAMAS_ICU_NOCOVID,CAMAS_ICU_OCC,CAMAS_ICU_DISP,CAMAS_ICU_TOTAL,CAMAS_PED_COVID,CAMAS_PED_NOCOVID,CAMAS_PED_OCC,CAMAS_PED_DISP,CAMAS_PED_TOTAL,CAMAS_PICU_COVID,CAMAS_PICU_NOCOVID,CAMAS_PICU_OCC,CAMAS_PICU_DISP,CAMAS_PICU_TOTAL,VENT_ADULTOS_COVID,VENT_ADULTOS_NOCOVID,VENT_ADULTOS_OCC,VENT_ADULTOS_DISP,VENT_ADULTOS_TOTAL,VENT_PED_COVID,VENT_PED_NOCOVID,VENT_PED_OCC,VENT_PED_DISP,VENT_PED_TOTAL,CUARTOS_PRESNEG_OCC,CUARTOS_PRESNEG_DISP,CUARTOS_PRESNEG_TOTAL,VENT_ORD,VENT_REC,VENT_ENTR,CONVALECIENTES
"2020-04-11 00:00:00",,,,3589,,,330,,352,,,,,896,,,22,,68,,,267,,801,,,27,,187,,174,170,344,380,0,0,
"2020-04-12 00:00:00",,,,3940,,,334,,333,,,,,960,,,23,,67,,,232,,836,,,35,,175,,152,186,338,380,0,0,
"2020-04-13 00:00:00",,,,3930,,,302,,357,,,,,958,,,18,,72,,,240,,839,,,33,,169,,155,191,346,380,0,0,
"2020-04-14 00:00:00",,,,3645,,,309,,322,,,,,869,,,19,,65,,,373,,772,,,34,,163,,158,163,321,380,0,0,
"2020-04-15 00:00:00",,,,3700,,,342,,323,,,,,831,,,20,,68,,,262,,820,,,35,,160,,167,146,313,380,0,0,
"2020-04-16 00:00:00",,,,3594,,,334,,321,,,,,939,,,69,,28,,,255,,778,,,32,,152,,153,175,328,380,0,0,
"2020-04-17 00:00:00",,,,3404,,,357,,291,,,,,969,,,21,,65,,,249,,771,,,28,,166,,157,170,327,355,25,0,
"2020-04-18 00:00:00",,,,3683,,,360,,362,,,,,968,,,22,,66,,,235,,815,,,30,,172,,161,172,333,355,25,0,330
"2020-04-19 00:00:00",,,,3746,,,359,,330,,,,,973,,,20,,66,,,254,,782,,,35,,155,,180,187,367,355,25,0,342
"2020-04-20 00:00:00",,,,3709,,,353,,316,,,,,986,,,19,,68,,,245,,841,,,31,,156,,161,192,353,355,25,0,430
"2020-04-21 00:00:00",,,,3647,,,349,,318,,,,,997,,,22,,63,,,229,,850,,,33,,155,,166,196,362,355,25,0,488
"2020-04-22 00:00:00",,,,3622,,28,334,362,335,697,,,,1027,,,21,,64,,25,233,258,860,1118,0,36,36,153,189,191,205,396,355,25,0,563
"2020-04-23 00:00:00",,,,3364,,33,340,373,323,696,,,,981,,,17,,68,,24,213,237,876,1113,0,35,35,162,197,186,216,402,355,25,0,615
"2020-04-24 00:00:00",,,,3631,,28,335,363,327,690,,,,1040,,0,17,17,67,84,24,245,269,863,1132,0,34,34,142,176,177,199,376,355,25,0,665
"2020-04-25 00:00:00",,,,3433,,33,321,354,350,704,,,,1015,,0,18,18,64,82,18,244,262,862,1124,0,30,30,140,170,187,210,397,355,25,0,680
"2020-04-26 00:00:00",,,,3558,,24,350,374,338,712,,,,1016,,,19,,67,,20,251,271,866,1137,0,34,34,137,171,166,192,358,355,25,0,683
"2020-04-27 00:00:00",,,,3637,,24,334,358,357,715,,,,1027,,0,20,20,66,86,17,242,259,870,1129,0,29,29,139,168,156,234,390,355,25,0,732
"2020-04-28 00:00:00",,,,3584,,23,338,361,319,680,,,,1034,,0,15,15,85,100,16,249,265,845,1110,0,29,29,131,160,175,227,402,355,25,0,765
"2020-04-29 00:00:00",,,,3511,,20,368,388,310,698,,,,971,,0,20,20,80,100,14,256,270,787,1057,0,31,31,125,156,162,226,388,355,25,0,792
"2020-04-30 00:00:00",,,,3379,,25,381,406,299,705,,,,1066,,0,24,24,77,101,13,264,277,836,1113,0,37,37,122,159,169,242,411,335,25,0,826
"2020-05-01 00:00:00",,,,3379,,26,365,391,261,652,,,,1075,,0,77,77,22,99,22,241,263,827,1090,0,34,34,129,163,172,230,402,335,25,0,829
"2020-05-02 00:00:00",,,,3502,,22,376,398,292,690,,,,1072,,,25,,79,,20,254,274,891,1165,0,27,27,138,165,181,233,414,355,25,0,841
"2020-05-03 00:00:00",,,,3371,,24,375,399,297,696,,,,1019,,,24,,85,,10,259,269,845,1114,0,28,28,133,161,164,293,457,355,25,0,845
"2020-05-04 00:00:00",,,,3522,,21,377,398,294,692,,,,1048,,0,23,23,83,106,19,269,288,873,1161,2,31,33,137,170,166,304,470,355,25,0,872
"2020-05-05 00:00:00",,,,3471,,16,370,386,293,679,,,,1036,,,23,,86,,8,244,252,864,1116,0,33,33,132,165,180,308,488,355,25,0,895
"2020-05-06 00:00:00",,,,3379,,17,379,396,284,680,,,,977,,0,19,19,83,102,9,262,271,806,1077,0,34,34,126,160,171,301,472,355,25,0,927
"2020-05-07 00:00:00",,,,3437,,18,368,386,279,665,,,,1007,,0,20,20,76,96,14,250,264,862,1126,0,35,35,130,165,184,293,477,355,25,0,953
"2020-05-08 00:00:00",,,,3248,,18,390,408,283,691,,,,1040,,0,24,24,79,103,10,266,276,820,1096,0,34,34,127,161,203,331,534,355,25,0,974
"2020-05-09 00:00:00",,,,3371,,10,382,392,291,683,,,,1024,,0,24,24,82,106,7,257,264,872,1136,0,32,32,130,162,203,327,530,355,25,0,983
"2020-05-10 00:00:00",,,,3370,,14,397,411,264,675,,,,1025,,0,23,23,80,103,4,247,251,857,1108,0,31,31,123,154,210,331,541,355,25,0,985
"2020-05-11 00:00:00",,,,3494,,20,384,404,254,658,,,,1066,,0,23,23,84,107,5,235,240,822,1062,0,36,36,120,156,180,341,521,355,25,0,1005
"2020-05-12 00:00:00",,,,3698,,16,400,416,258,674,,,,1078,,0,26,26,82,108,5,255,260,891,1151,0,40,40,131,171,186,338,524,355,25,0,1026
"2020-05-13 00:00:00",,,,3347,,10,398,408,260,668,,,,1059,,0,25,25,82,107,6,252,258,857,1115,0,35,35,132,167,191,328,519,355,25,0,1053
"2020-05-14 00:00:00",,,,3392,,18,405,423,259,682,,,,1054,,0,22,22,83,105,5,259,264,875,1139,0,38,38,143,181,200,331,531,355,25,0,1070
"2020-05-15 00:00:00",,,,3503,,18,414,432,252,684,,,,1057,,0,24,24,79,103,3,248,251,875,1126,0,40,40,123,163,197,346,543,355,25,0,1087
"2020-05-16 00:00:00",,,,3460,,15,419,434,237,671,,,,1080,,0,27,27,78,105,5,258,263,894,1157,0,37,37,140,177,174,348,522,355,25,0,1088
"2020-05-17 00:00:00",,,,3378,,24,425,449,235,684,,,,1051,,0,24,24,91,115,5,241,246,862,1108,0,32,32,126,158,151,376,527,355,25,0,1091
"2020-05-18 00:00:00",,,,3572,,17,419,436,229,665,,,,1028,,0,25,25,84,109,4,258,262,830,1092,0,29,29,128,157,159,344,503,355,25,0,1107
"2020-05-19 00:00:00",,,,3414,,20,435,455,237,692,,,,1092,,0,24,24,66,90,7,266,273,875,1148,1,30,31,151,182,154,315,469,355,25,0,1124
"2020-05-20 00:00:00",,,,3150,,13,430,443,234,677,,,,1017,,0,24,24,69,93,5,276,281,854,1135,0,36,36,133,169,163,361,524,355,25,0,1143
"2020-05-21 00:00:00",,,,3114,,13,422,435,227,662,,,,1044,,0,24,24,57,81,7,264,271,829,1100,0,36,36,130,166,163,332,495,355,25,0,1164
"2020-05-22 00:00:00",,,,3107,,12,438,450,225,675,,,,1043,,0,26,26,61,87,6,268,274,803,1077,0,37,37,130,167,177,358,535,355,25,0,1175
"2020-05-23 00:00:00",,,,3151,,14,445,459,249,708,,,,1047,,0,19,19,56,75,5,260,265,889,1154,0,37,37,147,184,160,363,523,355,25,0,1181
"2020-05-24 00:00:00",,,,3322,,13,418,431,254,685,,,,,,0,22,22,54,76,7,264,271,842,1113,0,38,38,131,169,144,371,515,355,25,0,1184
"2020-05-25 00:00:00",,,,3093,,16,425,441,248,689,,,,1044,,0,21,21,70,91,8,249,257,825,1082,0,34,34,138,172,159,381,540,355,25,0,1189
"2020-05-26 00:00:00",,,,3416,,14,425,439,246,685,,,,1066,,0,15,15,62,77,4,241,245,861,1106,0,32,32,139,171,162,375,537,355,25,0,1212
"2020-05-27 00:00:00",,,,3100,,8,418,426,228,654,,,,1038,,0,27,27,68,95,4,249,253,829,1082,0,38,38,132,170,153,360,513,355,25,0,1231
"2020-05-28 00:00:00",,,,3005,,12,438,450,220,670,,,,1039,,0,26,26,63,89,5,259,264,872,1136,0,36,36,132,168,175,359,534,355,25,0,1247
"2020-05-29 00:00:00",,,,2766,,12,400,412,236,648,,,,960,,0,35,35,60,95,5,244,249,829,1078,0,32,32,144,176,165,336,501,355,25,0,1272
"2020-05-30 00:00:00",,,,3092,,6,439,445,238,683,,,,1017,,0,30,30,59,89,5,265,270,879,1149,0,30,30,135,165,168,364,532,355,25,0,1276
"2020-05-31 00:00:00",,,,3271,,9,424,433,256,689,,,,1017,,0,27,27,68,95,1,268,269,849,1118,0,32,32,136,168,157,376,533,355,25,0,1276
"2020-06-01 00:00:00",,,,3489,,9,425,434,242,676,,,,1040,,0,26,26,65,91,4,255,259,854,1113,0,33,33,149,182,153,367,520,355,25,0,1291
"2020-06-02 00:00:00",,,,3417,,17,421,438,242,680,,,,1055,,0,28,28,61,89,10,268,278,884,1162,0,29,29,139,168,165,341,506,355,25,0,1305
"2020-06-03 00:00:00",,,,2894,,12,425,437,215,652,,,,957,,0,30,30,64,94,7,248,255,849,1104,0,32,32,136,168,164,349,513,355,25,0,1315
"2020-06-04 00:00:00",,,,3171,,15,442,457,245,702,,,,1031,,0,35,35,59,94,9,269,278,859,1137,0,29,29,138,167,183,354,537,355,25,0,1324
"2020-06-05 00:00:00",,,,3044,,9,443,452,231,683,,,,1031,,0,31,31,66,97,7,254,261,887,1148,0,29,29,146,175,177,346,523,355,25,0,1335
"2020-06-06 00:00:00",,,,3176,,7,438,445,228,673,,,,1000,,0,28,28,60,88,4,250,254,879,1133,0,30,30,147,177,175,349,524,355,25,0,1337
"2020-06-07 00:00:00",,,,3146,,6,416,422,242,664,,,,970,,0,29,29,68,97,7,262,269,843,1112,0,26,26,150,176,161,350,511,355,25,0,1339
"2020-06-08 00:00:00",,,,3324,,8,421,429,258,687,,,,1058,,0,32,32,62,94,7,247,254,869,1123,0,30,30,137,167,201,363,564,355,25,0,1347
"2020-06-09 00:00:00",,,,3211,,0,427,427,244,671,,,,1041,,0,29,29,62,91,6,269,275,862,1137,0,31,31,137,168,187,357,544,355,25,0,1355
"2020-06-10 00:00:00",,,,3821,,8,400,408,220,628,,,,1031,,0,24,24,71,95,5,300,305,837,1142,0,29,29,140,169,168,367,535,355,25,0,1368
"2020-06-11 00:00:00",,,,2903,,7,453,460,210,670,,,,1020,,0,27,27,69,96,4,284,288,887,1175,0,32,32,142,174,178,354,532,355,25,0,1374
"2020-06-12 00:00:00",,,,3000,,3,454,457,239,696,,,,1002,,0,23,23,68,91,4,279,283,866,1149,0,34,34,136,170,189,354,543,355,25,0,1385
"2020-06-13 00:00:00",,,,2985,,4,443,447,248,695,,,,1022,,0,24,24,69,93,3,275,278,887,1165,0,36,36,131,167,194,338,532,355,25,0,1388
"2020-06-14 00:00:00",,,,3038,,6,420,426,235,661,,,,977,,0,23,23,67,90,2,284,286,829,1115,0,35,35,128,163,158,347,505,355,25,0,1390
"2020-06-15 00:00:00",,,,3213,,8,427,435,247,682,,,,1047,,0,24,24,75,99,2,277,279,876,1155,0,31,31,134,165,171,355,526,355,25,0,1395
"2020-06-16 00:00:00",,,,3243,,9,424,433,242,675,,,,1026,,0,28,28,62,90,1,280,281,894,1175,0,28,28,134,162,157,343,500,355,25,0,1400
"2020-06-17 00:00:00",,,,3142,,8,444,452,234,686,,,,1048,,0,27,27,61,88,1,279,280,892,1172,0,30,30,130,160,158,353,511,355,25,0,1409
"2020-06-18 00:00:00",,,,2981,,9,462,471,204,675,,,,1000,,0,21,21,69,90,5,268,273,901,1174,0,28,28,142,170,181,343,524,355,25,0,1428
"2020-06-19 00:00:00",,,,2813,,7,444,451,208,659,,,,969,,0,26,26,73,99,3,302,305,860,1165,0,28,28,138,166,158,342,500,355,25,0,1456
"2020-06-20 00:00:00",,,,3019,,10,467,477,195,672,,,,978,,0,27,27,63,90,4,298,302,894,1196,0,29,29,144,173,158,374,532,355,25,0,1458
"2020-06-21 00:00:00",,,,3197,,13,456,469,204,673,,,,945,,0,33,33,57,90,5,285,290,900,1190,0,29,29,144,173,141,374,515,355,25,0,1459
"2020-06-22 00:00:00",,,,2975,,10,430,440,196,636,,,,949,,0,31,31,53,84,3,258,261,853,1114,0,31,31,146,177,151,350,501,355,25,0,1485
"2020-06-23 00:00:00",,,,3016,,9,460,469,211,680,,,,1013,,0,31,31,58,89,2,278,280,860,1140,0,30,30,144,174,149,361,510,355,25,0,1502
"2020-06-24 00:00:00",,,,2888,,9,475,484,197,681,,,,941,,0,33,33,40,73,2,284,286,893,1179,0,24,24,147,171,144,358,502,355,25,0,1511
"2020-06-25 00:00:00",,,,2753,,12,488,500,190,690,,,,935,,0,34,34,41,75,4,282,286,898,1184,0,30,30,145,175,169,353,522,355,25,0,1522
"2020-06-26 00:00:00",,,,2669,,9,481,490,189,679,,,,956,,0,28,28,68,96,7,270,277,913,1190,0,30,30,150,180,172,335,507,355,25,0,1532
"2020-06-27 00:00:00",,,,2734,,10,486,496,205,701,,,,946,,0,32,32,57,89,5,295,300,898,1198,0,30,30,139,169,170,336,506,355,25,0,1538
"2020-06-28 00:00:00",,,,2867,,8,450,458,233,691,,,,921,,0,32,32,49,81,5,276,281,856,1137,0,29,29,135,164,163,367,530,355,25,0,1540
"2020-06-29 00:00:00",,,,2686,,8,467,475,206,681,,,,969,,0,36,36,59,95,1,305,306,872,1178,0,32,32,155,187,164,342,506,355,25,0,1552
"2020-06-30 00:00:00",,,,2495,,9,457,466,218,684,,,,883,,0,32,32,45,77,2,288,290,854,1144,0,32,32,133,165,153,328,481,355,25,0,1564
"2020-07-01 00:00:00",,,,2976,,7,477,484,212,696,,,,951,,0,33,33,50,83,3,294,297,857,1154,0,27,27,137,164,180,329,509,355,25,0,1578
"2020-07-02 00:00:00",,,,2835,,8,482,490,206,696,,,,946,,0,31,31,55,86,3,312,315,872,1187,0,28,28,128,156,169,352,521,355,25,0,1590
"2020-07-03 00:00:00",,,,2540,,11,489,500,176,676,,,,949,,0,31,31,47,78,6,301,307,829,1136,0,33,33,136,169,181,228,409,355,25,0,1607
"2020-07-04 00:00:00",,,,2848,,8,484,492,213,705,,,,944,,0,28,28,60,88,4,293,297,843,1140,0,30,30,127,157,173,348,521,355,25,0,1618
"2020-07-05 00:00:00",,,,2876,,9,481,490,186,676,,,,933,,0,33,33,53,86,5,295,300,833,1133,0,24,24,136,160,169,332,501,355,25,0,1625
"2020-07-06 00:00:00",,,,3056,,18,455,473,230,703,,,,936,,0,31,31,60,91,11,292,303,831,1134,0,24,24,136,160,178,339,517,355,25,0,1642
"2020-07-07 00:00:00",,,,2838,,19,446,465,261,726,,,,1012,,0,29,29,61,90,7,298,305,849,1154,0,29,29,127,156,205,401,606,355,25,0,1663
"2020-07-08 00:00:00",,,,2636,,9,454,463,195,658,,,,992,,0,26,26,58,84,10,306,316,852,1168,0,35,35,129,164,176,422,598,355,25,0,1678
"2020-07-09 00:00:00",,,,2878,,11,467,478,222,700,,,,964,,0,25,25,70,95,7,312,319,864,1183,0,23,23,124,147,191,323,514,355,25,0,1699
"2020-07-10 00:00:00",,,,2662,,12,459,471,193,664,,,,978,,0,24,24,62,86,10,323,333,840,1173,0,37,37,137,174,191,327,518,355,25,0,1714
"2020-07-11 00:00:00",,,,2853,,12,463,475,223,698,,,,951,,0,33,33,66,99,7,306,313,870,1183,0,25,25,129,154,220,307,527,355,25,0,1718
"2020-07-12 00:00:00",,,,2827,,12,449,461,229,690,,,,906,,0,32,32,65,97,11,295,306,846,1152,0,20,20,140,160,192,200,392,355,25,0,1719
"2020-07-13 00:00:00",,,,2724,,15,450,465,196,661,,,,883,,0,27,27,60,87,8,259,267,870,1137,0,25,25,141,166,199,293,492,355,25,0,1745
"2020-07-14 00:00:00",,,,2905,,14,446,460,209,669,,,,921,,0,35,35,63,98,9,285,294,864,1158,0,25,25,134,159,201,291,492,355,25,0,1789
"2020-07-15 00:00:00",,,,2520,,18,427,445,231,676,,,,840,,0,36,36,52,88,11,273,284,782,1066,0,28,28,118,146,219,280,499,355,25,0,1820
"2020-07-16 00:00:00",,,,2565,,25,447,472,227,699,,,,878,,0,37,37,57,94,14,322,336,801,1137,0,25,25,122,147,223,295,518,355,25,0,1869
"2020-07-17 00:00:00",,,,2555,,34,438,472,220,692,,,,873,,0,31,31,59,90,27,286,313,812,1125,0,32,32,125,157,246,206,452,355,25,0,1914
"2020-07-18 00:00:00",,,,2555,,34,438,472,220,692,,,,873,,0,31,31,59,90,27,286,313,812,1125,0,32,32,125,157,246,206,452,355,25,0,1929
"2020-07-19 00:00:00",,,,2793,,26,446,472,208,680,,,,962,,0,30,30,55,85,18,312,330,844,1174,0,34,34,135,169,274,275,549,355,25,0,1932
"2020-07-20 00:00:00",,,,2813,,31,444,475,213,688,,,,933,,0,26,26,59,85,20,313,333,852,1185,0,28,28,127,155,282,210,492,355,25,0,2017
"2020-07-21 00:00:00",,,,2705,,40,442,482,220,702,,,,970,,0,24,24,61,85,24,292,316,874,1190,0,28,28,136,164,282,205,487,355,25,0,2106
"2020-07-22 00:00:00",,,,2486,,49,432,481,222,703,,,,923,,0,35,35,54,89,31,316,347,805,1152,0,27,27,132,159,305,196,501,355,25,0,2186
"2020-07-23 00:00:00",,,,2753,,56,452,508,212,720,,,,954,,0,35,35,54,89,40,325,365,826,1191,0,40,40,122,162,358,233,591,355,25,0,2305
"2020-07-24 00:00:00",,,,2521,,58,430,488,220,708,,,,914,,0,31,31,57,88,31,313,344,800,1144,0,47,47,125,172,318,183,501,355,25,0,2449
"2020-07-25 00:00:00",,,,2542,,57,420,477,238,715,,,,786,,0,28,28,48,76,35,303,338,794,1132,0,49,49,125,174,308,175,483,355,25,0,2463
"2020-07-26 00:00:00",,,,2871,,61,426,487,238,725,,,,874,,0,32,32,57,89,34,307,341,820,1161,0,34,34,118,152,312,203,515,355,25,0,2478
"2020-07-27 00:00:00",,,,3125,,66,428,494,211,705,,,,900,,0,28,28,60,88,37,310,347,826,1173,0,37,37,122,159,304,203,507,355,25,0,2673
"2020-07-28 00:00:00",,,,3346,,66,422,488,225,713,,,,966,,0,28,28,66,94,37,294,331,798,1129,0,33,33,115,148,197,294,491,355,25,0,2917
"2020-07-29 00:00:00",,,,3100,,63,458,521,223,744,,,,1010,,0,29,29,68,97,40,315,355,799,1154,0,29,29,126,155,346,203,549,355,25,0,3129
"2020-07-30 00:00:00",,,,3100,,63,458,521,223,744,,,,1010,,0,29,29,68,97,40,315,355,799,1154,0,29,29,126,155,346,203,549,355,25,0,3369
"2020-07-31 00:00:00",,,,3308,,62,440,502,250,752,,,,989,,0,24,24,71,95,39,321,360,796,1156,0,37,37,133,170,313,185,498,355,25,0,3693
"2020-08-01 00:00:00",,,,3299,,65,425,490,254,744,,,,862,,0,21,21,64,85,41,331,372,812,1184,0,33,33,138,171,346,199,545,355,25,0,3824
"2020-08-02 00:00:00",,,,3057,,64,415,479,215,694,,,,948,,0,22,22,74,96,46,317,363,773,1136,0,27,27,129,156,323,181,504,355,25,0,3872
"2020-08-03 00:00:00",,,,3244,,66,433,499,250,749,,,,971,,0,28,28,70,98,51,333,384,813,1197,0,23,23,137,160,330,188,518,355,25,0,4325
"2020-08-04 00:00:00",,,,3275,,75,438,513,242,755,,,,993,,0,31,31,69,100,56,337,393,815,1208,0,24,24,133,157,325,185,510,355,25,0,4693
"2020-08-05 00:00:00",,,,3013,,73,458,531,221,752,,,,995,,0,30,30,68,98,54,356,410,792,1202,0,31,31,127,158,363,192,555,355,25,0,5115
"2020-08-06 00:00:00",,,,2788,,76,467,543,210,753,,,,975,,0,27,27,71,98,53,359,412,799,1211,0,30,30,125,155,339,187,526,355,25,0,5453
"2020-08-07 00:00:00",,,,2796,,73,468,541,217,758,,,,963,,0,30,30,61,91,58,354,412,807,1219,0,36,36,120,156,331,196,527,355,25,0,5740
"2020-08-08 00:00:00",,,,2777,,77,463,540,212,752,,,,993,,0,33,33,60,93,54,366,420,797,1217,0,34,34,125,159,374,181,555,355,25,0,5837
"2020-08-09 00:00:00",,,,2732,,79,458,537,229,766,,,,914,,0,29,29,70,99,53,351,404,778,1182,0,34,34,111,145,356,182,538,355,25,0,5901
"2020-08-10 00:00:00",,,,3000,,77,456,533,211,744,,,,897,,0,31,31,64,95,50,352,402,768,1170,0,37,37,112,149,323,190,513,355,25,0,6222
"2020-08-11 00:00:00",,,,2998,,80,459,539,220,759,,,,986,,0,29,29,67,96,62,343,405,739,1144,0,31,31,120,151,339,189,528,355,25,0,6518
"2020-08-12 00:00:00",,,,2965,,75,448,523,234,757,,,,967,,0,32,32,64,96,57,343,400,719,1119,0,35,35,120,155,334,194,528,355,25,0,6823
"2020-08-13 00:00:00",,,,2907,,80,469,549,217,766,,,,966,,0,28,28,70,98,57,343,400,719,1119,0,34,34,114,148,419,186,605,355,25,0,7126
"2020-08-14 00:00:00",,,,2861,,70,450,520,219,739,,,,965,,0,29,29,65,94,49,321,370,748,1118,0,35,35,118,153,332,173,505,355,25,0,7399
"2020-08-15 00:00:00",,,,2869,,66,457,523,217,740,,,,984,,0,31,31,60,91,46,354,400,799,1199,0,35,35,117,152,315,191,506,355,25,0,7472
"2020-08-16 00:00:00",,,,2955,,64,447,511,238,749,,,,919,,0,30,30,60,90,48,351,399,779,1178,0,36,36,116,152,293,194,487,355,25,0,7528
"2020-08-17 00:00:00",,,,3092,,55,433,488,255,743,,,,964,,0,29,29,62,91,44,311,355,778,1133,0,33,33,120,153,274,209,483,355,25,0,7838
"2020-08-18 00:00:00",,,,3195,,62,443,505,243,748,,,,995,,0,35,35,60,95,45,332,377,820,1197,0,33,33,117,150,294,143,437,355,25,0,8131
"2020-08-19 00:00:00",,,,3050,,58,443,501,244,745,,,,966,,0,30,30,59,89,39,342,381,819,1200,0,32,32,123,155,310,143,453,355,25,0,8384
"2020-08-20 00:00:00",,,,2971,,57,445,502,229,731,,,,958,,0,29,29,61,90,37,344,381,823,1204,0,33,33,140,173,316,150,466,355,25,0,8474
"2020-08-21 00:00:00",,,,2986,,65,459,524,227,751,,,,961,,0,30,30,62,92,42,347,389,789,1178,0,42,42,110,152,316,167,483,355,25,0,8839
"2020-08-22 00:00:00",,,,2999,,67,474,541,217,758,,,,974,,0,30,30,61,91,41,352,393,794,1187,0,35,35,114,149,312,160,472,355,25,0,8960
"2020-08-23 00:00:00",,,,3263,,66,475,541,205,746,,,,972,,0,35,35,61,96,36,316,352,758,1110,0,33,33,117,150,293,217,510,355,25,0,9003
"2020-08-24 00:00:00",,,,3453,,71,462,533,239,772,,,,971,,0,29,29,65,94,42,352,394,784,1178,0,30,30,121,151,281,224,505,355,25,0,9417
"2020-08-25 00:00:00",,,,3236,,67,451,518,229,747,,,,973,,0,31,31,64,95,43,351,394,772,1166,0,29,29,120,149,282,178,460,355,25,0,9891
"2020-08-26 00:00:00",,,,3124,,62,448,510,234,744,,,,953,,0,30,30,63,93,44,344,388,792,1180,0,32,32,124,156,294,165,459,355,25,0,10282
"2020-08-27 00:00:00",,,,2944,,74,475,549,209,758,,,,920,,0,33,33,58,91,41,356,397,775,1172,0,33,33,126,159,293,154,447,355,25,0,10662
"2020-08-28 00:00:00",,,,3120,,72,465,537,208,745,,,,943,,0,27,27,65,92,51,345,396,777,1173,0,29,29,127,156,293,161,454,355,25,0,11117
"2020-08-29 00:00:00",,,,3085,,65,471,536,211,747,,,,945,,0,31,31,62,93,44,349,393,780,1173,0,33,33,125,158,271,188,459,355,25,0,11283
"2020-08-30 00:00:00",,,,3156,,63,460,523,214,737,,,,920,,0,32,32,61,93,46,350,396,740,1136,0,34,34,123,157,270,257,527,355,25,0,11322
"2020-08-31 00:00:00",,,,3029,,65,451,516,212,728,,,,923,,0,27,27,67,94,50,358,408,754,1162,0,32,32,124,156,264,263,527,355,25,0,11744
"2020-09-01 00:00:00",,,,3132,,71,467,538,209,747,,,,955,,0,28,28,62,90,51,355,406,799,1205,0,28,28,127,155,266,241,507,355,25,0,12175
"2020-09-02 00:00:00",,,,3094,,71,466,537,229,766,,,,980,,0,28,28,65,93,53,341,394,751,1145,0,33,33,116,149,293,230,523,355,25,0,12617
"2020-09-03 00:00:00",,,,3040,,73,489,562,212,774,,,,988,,0,27,27,67,94,57,375,432,774,1206,0,34,34,115,149,301,215,516,355,25,0,12998
"2020-09-04 00:00:00",,,,3080,,78,499,577,215,792,,,,967,,0,28,28,63,91,60,369,429,772,1201,0,31,31,118,149,281,235,516,355,25,0,13427
"2020-09-05 00:00:00",,,,3101,,76,487,563,232,795,,,,971,,0,24,24,62,86,67,367,434,743,1177,0,30,30,119,149,287,218,505,355,25,0,13614
"2020-09-06 00:00:00",,,,3332,,73,472,545,237,782,,,,961,,0,21,21,68,89,67,347,414,796,1210,0,26,26,125,151,280,233,513,355,25,0,13641
"2020-09-07 00:00:00",,,,3329,,81,450,531,243,774,,,,960,,0,20,20,69,89,72,325,397,780,1177,0,28,28,118,146,284,235,519,355,25,0,14049
"2020-09-08 00:00:00",,,,3046,,80,457,537,235,772,,,,954,,1,20,21,70,91,66,319,385,775,1160,0,32,32,119,151,297,234,531,355,25,0,14372
"2020-09-09 00:00:00",,,,3220,,70,447,517,239,756,,,,977,,1,20,21,70,91,56,352,408,787,1195,0,32,32,123,155,296,210,506,355,25,0,14800
"2020-09-10 00:00:00",,,,3111,,69,459,528,236,764,,,,975,,1,27,28,63,91,57,365,422,770,1192,0,28,28,117,145,276,228,504,355,25,0,15120
"2020-09-11 00:00:00",,,,3086,,67,471,538,218,756,,,,963,,1,27,28,64,92,52,344,396,799,1195,0,27,27,114,141,316,219,535,355,25,0,15401
"2020-09-12 00:00:00",,,,3091,,70,471,541,219,760,,,,956,,1,28,29,63,92,54,340,394,777,1171,0,23,23,128,151,309,208,517,355,25,0,15431
"2020-09-13 00:00:00",,,,3119,,66,458,524,232,756,,,,942,,1,30,31,62,93,50,334,384,799,1183,0,29,29,135,164,295,217,512,355,25,0,15470
"2020-09-14 00:00:00",,,,3301,,62,449,511,235,746,,,,959,,1,27,28,66,94,37,340,377,782,1159,0,22,22,128,150,300,209,509,355,25,0,15792
"2020-09-15 00:00:00",,,,3298,,64,449,513,233,746,,,,1000,,1,25,26,68,94,43,334,377,780,1157,1,25,26,125,151,318,208,526,355,25,0,16080
"2020-09-16 00:00:00",,,,3155,,67,480,547,216,763,,,,998,,1,24,25,66,91,39,336,375,764,1139,1,29,30,116,146,321,216,537,355,25,0,16296
"2020-09-17 00:00:00",,,,3016,,67,475,542,216,758,,,,962,,1,28,29,63,92,42,335,377,765,1142,1,31,32,113,145,304,222,526,355,25,0,16509
"2020-09-18 00:00:00",,,,2927,,69,485,554,215,769,,,,978,,1,31,32,62,94,40,331,371,777,1148,1,28,29,111,140,293,224,517,355,25,0,16713
"2020-09-19 00:00:00",,,,2989,,60,485,545,203,748,,,,988,,1,30,31,69,100,38,349,387,775,1162,1,31,32,114,146,286,243,529,355,25,0,16802
"2020-09-20 00:00:00",,,,3196,,63,469,532,216,748,,,,930,,1,32,33,64,97,42,324,366,780,1146,1,30,31,117,148,279,236,515,355,25,0,16827
"2020-09-21 00:00:00",,,,3199,,62,473,535,229,764,,,,873,,1,29,30,57,87,40,326,366,766,1132,1,29,30,120,150,267,244,511,355,25,0,17081
"2020-09-22 00:00:00",,,,3146,,62,464,526,229,755,,,,940,,1,25,26,58,84,41,352,393,765,1158,1,30,31,116,147,274,234,508,355,25,0,17350
"2020-09-23 00:00:00",,,,3057,,62,475,537,206,743,,,,924,,1,29,30,70,100,35,341,376,763,1139,1,27,28,119,147,293,235,528,355,25,0,17627
"2020-09-24 00:00:00",,,,3002,,64,488,552,195,747,,,,907,,1,27,28,62,90,32,339,371,778,1149,1,24,25,121,146,278,229,507,355,25,0,17940
"2020-09-25 00:00:00",,,,2934,,66,486,552,208,760,,,,948,,1,26,27,68,95,27,318,345,802,1147,1,26,27,114,141,294,225,519,355,25,0,18203
"2020-09-26 00:00:00",,,,2948,,58,447,505,188,693,,,,969,,1,35,36,62,98,32,334,366,805,1171,1,28,29,120,149,260,244,504,355,25,0,18303
"2020-09-27 00:00:00",,,,3093,,64,450,514,191,705,,,,963,,1,29,30,63,93,37,348,385,778,1163,1,31,32,119,151,256,249,505,355,25,0,18337
"2020-09-28 00:00:00",,,,3181,,68,450,518,192,710,,,,943,,1,31,32,66,98,37,308,345,779,1124,1,31,32,117,149,243,264,507,355,25,0,18443
"2020-09-29 00:00:00",,,,3167,,67,450,517,191,708,,,,995,,1,29,30,69,99,32,318,350,793,1143,1,28,29,114,143,260,255,515,355,25,0,18824
"2020-09-30 00:00:00",,,,3225,,61,439,500,191,691,,,,950,,1,31,32,68,100,38,334,372,803,1175,1,27,28,108,136,267,269,536,355,25,0,19274
"2020-10-01 00:00:00",,,,2963,,58,452,510,186,696,,,,942,,1,37,38,62,100,37,319,356,801,1157,1,30,31,115,146,275,247,522,355,25,0,19892
"2020-10-02 00:00:00",,,,2933,,58,445,503,194,697,,,,906,,1,35,36,63,99,37,330,367,812,1179,1,29,30,115,145,273,260,533,355,25,0,20448
"2020-10-03 00:00:00",,,,2994,,56,436,492,199,691,,,,948,,1,36,37,62,99,30,308,338,826,1164,1,27,28,118,146,266,264,530,355,25,0,20599
"2020-10-04 00:00:00",,,,3104,,48,429,477,218,695,,,,927,,1,34,35,63,98,40,315,355,865,1220,1,25,26,128,154,261,286,547,355,25,0,20633
"2020-10-05 00:00:00",,,,3284,,55,421,476,219,695,,,,926,,1,34,35,64,99,40,319,359,803,1162,1,27,28,124,152,259,285,544,355,25,0,21116
"2020-10-06 00:00:00",,,,3156,,60,425,485,206,691,,,,944,,1,33,34,65,99,32,314,346,819,1165,1,25,26,122,148,263,268,531,355,25,0,21528
"2020-10-07 00:00:00",,,,3071,,50,435,485,208,693,,,,945,,1,35,36,65,101,35,307,342,818,1160,1,31,32,115,147,266,265,531,355,25,0,22223
"2020-10-08 00:00:00",,,,3010,,48,445,493,195,688,,,,913,,1,35,36,64,100,26,325,351,812,1163,1,31,32,111,143,261,276,537,355,25,0,22756
"2020-10-09 00:00:00",,,,2976,,54,426,480,212,692,,,,909,,1,35,36,61,97,28,326,354,788,1142,1,29,30,114,144,259,293,552,355,25,0,23189
"2020-10-10 00:00:00",,,,3077,,53,449,502,205,707,,,,899,,2,36,38,58,96,30,344,374,767,1141,1,34,35,104,139,265,283,548,355,25,0,23325
"2020-10-11 00:00:00",,,,3033,,49,437,486,189,675,,,,906,,2,37,39,56,95,33,314,347,799,1146,1,35,36,109,145,303,278,581,355,25,0,23358
"2020-10-12 00:00:00",,,,3314,,52,446,498,184,682,,,,918,,2,36,38,62,100,35,337,372,778,1150,1,29,30,109,139,248,272,520,355,25,0,23724
"2020-10-13 00:00:00",,,,3239,,52,445,497,194,691,,,,945,,2,41,43,56,99,33,344,377,760,1137,1,33,34,116,150,256,284,540,355,25,0,24093
"2020-10-14 00:00:00",,,,3137,,51,454,505,178,683,,,,949,,2,41,43,58,101,36,347,383,779,1162,1,36,37,106,143,267,263,530,355,25,0,24423
"2020-10-15 00:00:00",,,,2998,,60,453,513,179,692,,,,913,,2,39,41,59,100,36,348,384,781,1165,1,35,36,113,149,258,278,536,355,25,0,24764
"2020-10-16 00:00:00",,,,2997,,62,471,533,165,698,,,,919,,2,37,39,59,98,34,347,381,784,1165,1,33,34,116,150,262,282,544,355,25,0,25073
"2020-10-17 00:00:00",,,,2976,,54,451,505,174,679,,,,881,,2,32,34,56,90,38,325,363,798,1161,1,33,34,114,148,250,284,534,355,25,0,25200
"2020-10-18 00:00:00",,,,3035,,56,452,508,184,692,,,,825,,3,33,36,58,94,37,331,368,786,1154,2,33,35,125,160,233,286,519,355,25,0,25226
"2020-10-19 00:00:00",,,,3115,,61,458,519,182,701,,,,863,,3,36,39,59,98,39,351,390,756,1146,2,27,29,130,159,238,271,509,355,25,0,25554
"2020-10-20 00:00:00",,,,3144,,58,449,507,188,695,,,,959,,3,33,36,61,97,36,342,378,746,1124,2,28,30,131,161,247,283,530,355,25,0,25888
"2020-10-21 00:00:00",,,,2979,,59,457,516,180,696,,,,907,,3,38,41,56,97,43,350,393,752,1145,2,26,28,134,162,264,263,527,355,25,0,26208
"2020-10-22 00:00:00",,,,2905,,50,446,496,191,687,,,,908,,3,39,42,56,98,42,367,409,747,1156,2,29,31,126,157,276,257,533,355,25,0,26549
"2020-10-23 00:00:00",,,,2886,,48,454,502,183,685,,,,893,,3,40,43,53,96,38,368,406,784,1190,1,29,30,135,165,282,258,540,355,25,0,26890
"2020-10-24 00:00:00",,,,2938,,57,476,533,168,701,,,,914,,3,36,39,58,97,42,365,407,774,1181,1,21,22,136,158,286,255,541,355,25,0,27031
"2020-10-25 00:00:00",,,,3044,,57,456,513,190,703,,,,914,,3,33,36,66,102,45,329,374,781,1155,1,23,24,134,158,287,262,549,355,25,0,27067
"2020-10-26 00:00:00",,,,3042,,55,459,514,183,697,,,,892,,3,33,36,65,101,44,343,387,770,1157,1,22,23,134,157,287,250,537,355,25,0,27466
"2020-10-27 00:00:00",,,,2918,,56,459,515,186,701,,,,902,,3,35,38,61,99,37,336,373,752,1125,1,30,31,130,161,269,258,527,355,25,0,27878
"2020-10-28 00:00:00",,,,2779,,57,460,517,190,707,,,,906,,4,32,36,64,100,36,324,360,775,1135,1,28,29,126,155,286,238,524,355,25,0,28327
"2020-10-29 00:00:00",,,,2655,,60,444,504,197,701,,,,902,,3,30,33,68,101,38,332,370,763,1133,1,32,33,119,152,272,240,512,355,25,0,28823
"2020-10-30 00:00:00",,,,2673,,58,442,500,195,695,,,,872,,3,32,35,67,102,38,340,378,774,1152,1,29,30,128,158,270,258,528,355,25,0,29267
"2020-10-31 00:00:00",,,,2732,,60,423,483,214,697,,,,891,,1,29,30,67,97,39,330,369,761,1130,0,29,29,134,163,298,248,546,355,25,0,29468
"2020-11-01 00:00:00",,,,2871,,61,408,469,220,689,,,,887,,1,27,28,70,98,43,335,378,784,1162,0,30,30,127,157,260,261,521,355,25,0,29495
"2020-11-02 00:00:00",,,,3072,,68,421,489,226,715,,,,846,,0,25,25,74,99,51,335,386,785,1171,0,27,27,133,160,274,264,538,355,25,0,29786
"2020-11-03 00:00:00",,,,2995,,63,416,479,234,713,,,,932,,0,31,31,68,99,48,359,407,737,1144,0,27,27,129,156,266,241,507,355,25,0,30282
"2020-11-04 00:00:00",,,,2898,,60,437,497,209,706,,,,879,,0,32,32,65,97,46,351,397,735,1132,0,28,28,140,168,283,233,516,355,25,0,30836
"2020-11-05 00:00:00",,,,2879,,60,419,479,231,710,,,,920,,0,28,28,68,96,40,361,401,737,1138,0,29,29,130,159,302,212,514,355,25,0,31296
"2020-11-06 00:00:00",,,,2813,,68,421,489,229,718,,,,876,,0,32,32,63,95,42,362,404,737,1141,0,31,31,133,164,298,210,508,355,25,0,31816
"2020-11-07 00:00:00",,,,2781,,69,406,475,245,720,,,,,,0,28,28,66,94,49,370,419,751,1170,0,29,29,129,158,308,215,523,355,25,0,32066
"2020-11-08 00:00:00",,,,2774,,65,426,491,238,729,,,,,,0,27,27,70,97,52,365,417,739,1156,0,29,29,138,167,286,224,510,355,25,0,32110
"2020-11-09 00:00:00",,,,2855,,70,412,482,240,722,,,,,,0,24,24,72,96,59,366,425,769,1194,0,31,31,138,169,294,218,512,355,25,0,32644
"2020-11-10 00:00:00",,,,2839,,75,418,493,233,726,,,,,,0,27,27,67,94,52,363,415,730,1145,0,29,29,136,165,321,211,532,355,25,0,33189
"2020-11-11 00:00:00",,,,2717,,72,447,519,201,720,,,,,,0,31,31,64,95,58,381,439,699,1138,0,28,28,141,169,337,212,549,355,25,0,33759
"2020-11-12 00:00:00",,,,2612,,76,446,522,205,727,,,,,,0,35,35,64,99,59,388,447,706,1153,0,31,31,133,164,336,202,538,355,25,0,34398
"2020-11-13 00:00:00",,,,2697,,77,430,507,213,720,,,,,,0,34,34,62,96,59,385,444,694,1138,0,30,30,140,170,333,208,541,355,25,0,35005
"2020-11-14 00:00:00",,,,2666,,79,443,522,204,726,,,,924,,0,33,33,66,99,62,384,446,697,1143,0,33,33,137,170,319,213,532,355,25,0,35314
"2020-11-15 00:00:00",,,,2828,,90,448,538,208,746,,,,876,,0,28,28,71,99,66,368,434,699,1133,0,26,26,145,171,269,238,507,355,25,0,35366
"2020-11-16 00:00:00",,,,2946,,83,449,532,197,729,,,,920,,0,31,31,65,96,66,375,441,671,1112,0,24,24,143,167,267,218,485,355,25,0,36075
"2020-11-17 00:00:00",,,,2865,,85,416,501,256,757,,,,897,,0,27,27,69,96,70,375,445,708,1153,0,24,24,145,169,309,216,525,355,25,0,36732
"2020-11-18 00:00:00",,,,2771,,85,444,529,199,728,,,,,,1,28,29,70,99,73,375,448,705,1153,,29,,145,,292,233,525,355,25,0,37458
"2020-11-19 00:00:00",,,,2666,,91,451,542,189,731,,,,,,1,26,27,71,98,78,394,472,693,1165,,30,,138,,317,217,534,355,25,0,38112
"2020-11-20 00:00:00",,,,2682,,98,455,553,185,738,,,,,,1,32,33,66,99,98,391,489,720,1209,,29,,147,,315,213,528,355,25,0,38854
"2020-11-21 00:00:00",621,3507,4128,2680,6808,98,461,559,186,745,,,,929,,1,32,33,64,97,99,397,496,699,1195,0,24,24,151,175,318,238,556,194,161,161,39173
"2020-11-22 00:00:00",606,3412,4018,2731,6749,97,456,553,193,746,,,,899,,1,37,38,57,95,96,395,491,701,1192,0,28,28,148,176,310,219,529,194,161,161,39247
"2020-11-23 00:00:00",607,3241,3848,2883,6731,99,447,546,202,748,,,,916,,1,25,26,71,97,99,393,492,703,1195,0,25,25,151,176,298,245,543,194,161,161,40026
"2020-11-24 00:00:00",626,3054,3680,2970,6650,110,460,570,182,752,,,,982,,1,22,23,70,93,105,377,482,730,1212,0,26,26,147,173,315,230,545,194,161,161,40137
"2020-11-25 00:00:00",602,3194,3796,2941,6737,104,457,561,188,749,,,,953,,1,32,33,65,98,99,380,479,773,1252,0,22,22,143,165,322,228,550,194,161,161,41090
"2020-11-26 00:00:00",597,3179,3776,2969,6745,97,446,543,198,741,,,,952,,1,31,32,60,92,88,371,459,799,1258,0,21,21,145,166,327,226,553,194,161,161,42104
"2020-11-27 00:00:00",582,2906,3488,3149,6637,102,442,544,207,751,,,,920,,1,29,30,63,93,91,373,464,759,1223,0,21,21,141,162,319,231,550,194,161,161,43027
"2020-11-28 00:00:00",573,2811,3384,3355,6739,92,426,518,220,738,,,,929,,0,26,26,67,93,90,370,460,771,1231,0,19,19,149,168,317,242,559,194,161,161,43363
"2020-11-29 00:00:00",606,2784,3390,3289,6679,102,424,526,230,756,,,,908,,0,25,25,67,92,87,371,458,786,1244,0,19,19,149,168,321,231,552,194,161,161,43475
"2020-11-30 00:00:00",622,2816,3438,3227,6665,99,415,514,222,736,,,,892,,0,27,27,67,94,84,371,455,762,1217,0,18,18,148,166,327,224,551,194,161,161,44508
"2020-12-01 00:00:00",638,2938,3576,3178,6754,100,421,521,220,741,24,296,320,1002,1322,1,32,33,64,97,85,364,449,774,1223,0,22,22,148,170,326,214,540,194,161,161,45392
"2020-12-02 00:00:00",638,3202,3840,2969,6809,98,439,537,204,741,22,330,352,956,1308,1,42,43,54,97,88,375,463,801,1264,0,26,26,144,170,321,230,551,194,161,161,46129
"2020-12-03 00:00:00",628,3388,4016,2872,6888,97,437,534,208,742,23,357,380,922,1302,1,37,38,61,99,106,383,489,779,1268,0,24,24,144,168,331,222,553,194,161,161,47047
"2020-12-04 00:00:00",651,3461,4112,2839,6951,91,449,540,198,738,31,378,409,915,1324,1,35,36,61,97,108,397,505,772,1277,0,26,26,146,172,323,238,561,194,161,161,47983
"2020-12-05 00:00:00",640,3349,3989,2807,6796,102,454,556,197,753,28,380,408,917,1325,1,33,34,66,100,104,390,494,763,1257,0,33,33,141,174,318,231,549,194,161,161,48393
"2020-12-06 00:00:00",631,3151,3782,2932,6714,107,435,542,212,754,36,393,429,891,1320,0,27,27,67,94,102,388,490,763,1253,0,31,31,137,168,297,243,540,194,161,161,48522
"2020-12-07 00:00:00",618,3096,3714,3004,6718,106,440,546,219,765,28,365,393,917,1310,0,28,28,67,95,88,385,473,763,1236,0,33,33,141,174,306,242,548,194,161,161,49649
"2020-12-08 00:00:00",618,3092,3710,3082,6792,104,448,552,206,758,18,353,371,919,1290,0,31,31,63,94,108,385,493,794,1287,0,32,32,137,169,330,235,565,194,161,161,50834
"2020-12-09 00:00:00",637,3198,3835,2894,6729,95,449,544,211,755,31,340,371,909,1280,0,30,30,64,94,105,382,487,814,1301,0,28,28,141,169,308,258,566,194,161,161,51984
"2020-12-10 00:00:00",657,3349,4006,2776,6782,99,455,554,194,748,40,334,374,935,1309,0,26,26,69,95,106,398,504,799,1303,0,25,25,145,170,318,247,565,194,161,161,52812
"2020-12-11 00:00:00",649,3362,4011,2754,6765,109,460,569,189,758,29,374,403,922,1325,0,34,34,63,97,111,411,522,779,1301,0,29,29,141,170,297,263,560,194,161,161,53798
"2020-12-12 00:00:00",646,3392,4038,2753,6791,104,451,555,198,753,23,374,397,934,1331,0,39,39,59,98,118,406,524,771,1295,0,27,27,150,177,298,278,576,194,161,161,54228
"2020-12-13 00:00:00",620,3335,3955,2780,6735,96,455,551,195,746,24,377,401,884,1285,1,34,35,59,94,107,385,492,808,1300,0,27,27,149,176,275,270,545,194,161,161,54350
"2020-12-14 00:00:00",609,3096,3705,3008,6713,101,438,539,217,756,33,364,397,870,1267,1,29,30,67,97,105,367,472,807,1279,0,24,24,138,162,273,274,547,194,161,161,55582
"2020-12-15 00:00:00",583,3138,3721,3099,6820,96,411,507,233,740,35,344,379,933,1312,1,26,27,64,91,101,378,479,807,1286,0,23,23,140,163,289,279,568,194,161,161,56668
"2020-12-16 00:00:00",593,3365,3958,2913,6871,98,436,534,211,745,32,339,371,939,1310,0,35,35,57,92,96,375,471,755,1226,0,19,19,136,155,296,257,553,194,161,161,57451
"2020-12-17 00:00:00",602,3362,3964,2887,6851,99,443,542,201,743,23,354,377,942,1319,0,31,31,61,92,100,377,477,816,1293,0,28,28,137,165,316,246,562,194,161,161,57538
"2020-12-18 00:00:00",575,3485,4060,2925,6985,97,435,532,212,744,19,363,382,908,1290,0,32,32,61,93,96,373,469,835,1304,0,28,28,134,162,297,270,567,194,161,161,57911
"2020-12-19 00:00:00",558,3496,4054,2871,6925,97,445,542,208,750,20,336,356,992,1348,0,30,30,68,98,106,401,507,819,1326,0,23,23,136,159,295,265,560,194,161,161,58200
"2020-12-20 00:00:00",540,3251,3791,3023,6814,94,435,529,214,743,22,328,350,968,1318,0,29,29,66,95,101,388,489,804,1293,0,29,29,138,167,283,270,553,194,161,161,58305
"2020-12-21 00:00:00",520,3121,3641,3152,6793,94,428,522,228,750,13,318,331,949,1280,0,23,23,72,95,104,389,493,789,1282,0,32,32,136,168,270,271,541,194,161,161,59403
"2020-12-22 00:00:00",535,3174,3709,3162,6871,93,421,514,246,760,10,328,338,961,1299,0,26,26,69,95,97,400,497,803,1300,0,23,23,141,164,287,281,568,194,161,161,60479
"2020-12-23 00:00:00",537,3229,3766,3130,6896,86,449,535,223,758,16,319,335,977,1312,0,32,32,63,95,87,390,477,808,1285,0,24,24,142,166,280,283,563,194,161,161,61574
"2020-12-24 00:00:00",534,3228,3762,3194,6956,90,421,511,218,729,21,324,345,960,1305,0,33,33,65,98,88,376,464,794,1258,0,27,27,139,166,281,277,558,194,161,161,62577
"2020-12-25 00:00:00",475,3114,3589,3271,6860,87,415,502,231,733,16,294,310,981,1291,0,28,28,68,96,90,372,462,828,1290,0,28,28,138,166,268,286,554,194,161,161,63527
"2020-12-26 00:00:00",451,2693,3144,3541,6685,82,390,472,251,723,11,273,284,988,1272,0,25,25,71,96,80,361,441,845,1286,0,27,27,135,162,246,317,563,194,161,161,63881
"2020-12-27 00:00:00",445,2608,3053,3584,6637,88,392,480,248,728,10,248,258,996,1254,1,26,27,69,96,85,350,435,838,1273,0,27,27,138,165,262,306,568,194,161,161,63980
"2020-12-28 00:00:00",447,2706,3153,3465,6618,80,365,445,261,706,21,292,313,922,1235,1,24,25,72,97,93,359,452,841,1293,0,26,26,143,169,267,310,577,194,161,161,64944
"2020-12-29 00:00:00",462,2826,3288,3414,6702,77,388,465,261,726,19,272,291,1007,1298,1,25,26,72,98,71,364,435,838,1273,0,24,24,148,172,267,299,566,194,161,161,65832
"2020-12-30 00:00:00",450,3094,3544,3265,6809,80,384,464,252,716,25,306,331,967,1298,2,21,23,72,95,70,364,434,826,1260,0,26,26,143,169,280,287,567,194,161,161,66667
"2020-12-31 00:00:00",440,3046,3486,3331,6817,78,387,465,257,722,23,302,325,964,1289,2,23,25,73,98,70,355,425,843,1268,0,32,32,129,161,266,288,554,194,161,161,67558
"2021-01-01 00:00:00",432,2938,3370,3415,6785,76,387,463,247,710,9,302,311,978,1289,1,30,31,67,98,70,355,425,867,1292,0,29,29,128,157,246,329,575,194,161,161,68366
"2021-01-02 00:00:00",391,2731,3122,3651,6773,73,384,457,247,704,4,272,276,900,1176,0,19,19,73,92,72,353,425,830,1255,0,32,32,132,164,231,318,549,194,161,161,68698
"2021-01-03 00:00:00",415,2444,2859,3541,6400,74,377,451,235,686,23,235,258,997,1255,0,17,17,75,92,72,350,422,819,1241,0,34,34,129,163,221,325,546,194,161,161,68774
"2021-01-04 00:00:00",421,2720,3141,3456,6597,77,389,466,237,703,28,240,268,1000,1268,0,16,16,73,89,74,350,424,822,1246,0,31,31,129,160,253,302,555,194,161,161,69604
"2021-01-05 00:00:00",423,2895,3318,3444,6762,69,414,483,214,697,19,272,291,1019,1310,0,18,18,75,93,74,373,447,846,1293,0,27,27,143,170,251,305,556,194,161,161,70398
"2021-01-06 00:00:00",417,3049,3466,3285,6751,64,401,465,235,700,20,273,293,983,1276,1,21,22,69,91,73,373,446,845,1291,0,29,29,144,173,253,304,557,194,161,161,71101
"2021-01-07 00:00:00",411,3077,3488,3293,6781,69,400,469,231,700,25,282,307,943,1250,3,22,25,71,96,73,361,434,826,1260,1,30,31,143,174,253,311,564,194,161,161,71787
"2021-01-08 00:00:00",420,3090,3510,3278,6788,75,401,476,228,704,25,276,301,967,1268,2,19,21,79,100,76,381,457,821,1278,1,28,29,138,167,260,322,582,194,161,161,72437
"2021-01-09 00:00:00",420,3090,3510,3278,6788,75,401,476,228,704,33,278,311,967,1278,2,19,21,79,100,76,381,457,821,1278,1,28,29,138,167,260,322,582,194,161,161,72716
"2021-01-10 00:00:00",402,3129,3531,3195,6726,65,389,454,241,695,23,304,327,947,1274,2,20,22,71,93,71,375,446,794,1240,0,31,31,136,167,240,333,573,194,161,161,72772
"2021-01-11 00:00:00",392,3153,3545,3227,6772,69,397,466,236,702,18,302,320,961,1281,1,21,22,71,93,73,398,471,800,1271,0,28,28,135,163,255,317,572,194,161,161,73467
"2021-01-12 00:00:00",390,3254,3644,3182,6826,76,419,495,224,719,19,307,326,962,1288,1,22,23,69,92,73,385,458,839,1297,0,30,30,143,173,245,320,565,194,161,161,74046
"2021-01-13 00:00:00",388,3457,3845,3039,6884,60,408,468,248,716,29,317,346,953,1299,1,20,21,70,91,73,399,472,818,1290,0,35,35,129,164,243,319,562,194,161,161,74560
"2021-01-14 00:00:00",407,3596,4003,2884,6887,51,395,446,249,695,37,351,388,914,1302,1,25,26,69,95,61,384,445,845,1290,0,33,33,131,164,250,311,561,194,161,161,74775
"2021-01-15 00:00:00",382,3507,3889,2924,6813,50,404,454,248,702,25,365,390,921,1311,0,20,20,72,92,60,376,436,843,1279,0,29,29,130,159,270,303,573,194,161,161,74812
"2021-01-16 00:00:00",377,3564,3941,2940,6881,53,428,481,227,708,20,387,407,886,1293,0,25,25,69,94,57,363,420,848,1268,0,29,29,140,169,259,308,567,194,161,161,74958
"2021-01-17 00:00:00",363,3346,3709,2956,6665,53,424,477,229,706,29,384,413,855,1268,0,31,31,61,92,53,347,400,857,1257,0,35,35,134,169,230,332,562,194,161,161,75021
"2021-01-18 00:00:00",348,3253,3601,3069,6670,60,422,482,262,744,24,382,406,845,1251,0,21,21,68,89,53,344,397,840,1237,0,36,36,134,170,239,336,575,194,161,161,75718
"2021-01-19 00:00:00",351,3360,3711,3152,6863,46,405,451,229,680,24,354,378,908,1286,0,24,24,66,90,49,340,389,854,1243,0,42,42,131,173,251,332,583,194,161,161,76420
"2021-01-20 00:00:00",331,3525,3856,3054,6910,47,430,477,212,689,24,352,376,907,1283,1,23,24,68,92,52,350,402,852,1254,0,40,40,126,166,251,324,575,194,161,161,77007
"2021-01-21 00:00:00",344,3730,4074,2894,6968,59,439,498,209,707,19,383,402,896,1298,1,24,25,66,91,52,361,413,842,1255,0,39,39,120,159,258,330,588,194,161,161,77386
"2021-01-22 00:00:00",341,3732,4073,2853,6926,56,448,504,195,699,21,402,423,834,1257,0,28,28,65,93,53,351,404,857,1261,0,30,30,141,171,270,310,580,194,161,161,77425
"2021-01-23 00:00:00",325,3749,4074,2871,6945,54,448,502,203,705,20,399,419,877,1296,0,30,30,70,100,46,357,403,863,1266,0,35,35,131,166,240,326,566,194,161,161,77577
"2021-01-24 00:00:00",310,3589,3899,2951,6850,50,435,485,213,698,18,382,400,863,1263,0,24,24,69,93,43,340,383,883,1266,0,37,37,132,169,242,334,576,194,161,161,77624
"2021-01-25 00:00:00",312,3472,3784,2951,6735,56,450,506,206,712,18,378,396,875,1271,0,22,22,72,94,41,340,381,864,1245,0,38,38,127,165,266,323,589,194,161,161,78295
"2021-01-26 00:00:00",312,3522,3834,2992,6826,54,429,483,219,702,22,375,397,911,1308,0,30,30,69,99,43,326,369,874,1243,0,32,32,131,163,261,316,577,194,161,161,78876
"2021-01-27 00:00:00",301,3751,4052,2884,6936,50,440,490,223,713,26,374,400,892,1292,0,32,32,65,97,35,335,370,878,1248,0,37,37,127,164,260,324,584,194,161,161,78932
"2021-01-28 00:00:00",293,3809,4102,2719,6821,55,455,510,208,718,24,403,427,890,1317,0,37,37,59,96,37,323,360,866,1226,0,38,38,122,160,265,323,588,194,161,161,79666
"2021-01-29 00:00:00",280,3903,4183,2796,6979,54,468,522,216,738,18,402,420,877,1297,0,37,37,61,98,36,340,376,869,1245,0,40,40,127,167,260,337,597,194,161,161,80279
"2021-01-30 00:00:00",279,3840,4119,2792,6911,57,471,528,190,718,20,414,434,944,1378,0,36,36,62,98,38,339,377,882,1259,0,42,42,129,171,240,340,580,194,161,161,80527
"2021-01-31 00:00:00",285,3641,3926,2961,6887,50,441,491,202,693,18,422,440,855,1295,0,34,34,60,94,40,339,379,870,1249,0,42,42,122,164,243,332,575,194,161,161,80597
"2021-02-01 00:00:00",282,3510,3792,3071,6863,55,449,504,211,715,21,387,408,894,1302,0,37,37,60,97,40,327,367,888,1255,0,41,41,125,166,201,350,551,194,161,161,81303
"2021-02-02 00:00:00",298,3486,3784,3068,6852,57,433,490,215,705,23,388,411,853,1264,0,28,28,70,98,41,341,382,885,1267,0,41,41,125,166,223,335,558,194,161,161,81881
"2021-02-03 00:00:00",307,3701,4008,2864,6872,54,468,522,192,714,22,419,441,858,1299,0,39,39,56,95,34,345,379,897,1276,0,41,41,128,169,244,315,559,194,161,161,82518
"2021-02-04 00:00:00",270,3878,4148,2785,6933,44,477,521,188,709,15,441,456,866,1322,0,38,38,56,94,30,360,390,865,1255,0,39,39,128,167,248,309,557,194,161,161,83046
"2021-02-05 00:00:00",278,3869,4147,2811,6958,41,475,516,187,703,19,423,442,878,1320,0,37,37,57,94,34,363,397,850,1247,0,39,39,129,168,241,314,555,194,161,161,83627
"2021-02-06 00:00:00",265,3902,4167,2762,6929,42,453,495,194,689,14,406,420,876,1296,0,36,36,56,92,38,360,398,880,1278,0,36,36,130,166,251,319,570,194,161,161,83887
"2021-02-07 00:00:00",258,3699,3957,2871,6828,37,453,490,204,694,15,385,400,838,1238,0,37,37,60,97,37,385,422,854,1276,0,37,37,131,168,237,338,575,194,161,161,83935
"2021-02-08 00:00:00",263,3565,3828,3004,6832,47,453,500,202,702,20,368,388,837,1225,0,27,27,68,95,44,390,434,838,1272,0,36,36,123,159,231,330,561,194,161,161,84354
"2021-02-09 00:00:00",249,3556,3805,3030,6835,39,456,495,207,702,23,379,402,885,1287,0,25,25,68,93,38,379,417,815,1232,0,33,33,124,157,235,321,556,194,161,161,84895
"2021-02-10 00:00:00",251,3782,4033,2874,6907,44,471,515,181,696,19,385,404,835,1239,0,32,32,65,97,43,399,442,799,1241,0,32,32,132,164,247,345,592,194,161,161,85388
"2021-02-11 00:00:00",261,3867,4128,2828,6956,47,477,524,184,708,29,407,436,828,1264,0,28,28,65,93,47,419,466,798,1264,0,38,38,133,171,264,291,555,194,161,161,85869
"2021-02-12 00:00:00",240,3902,4142,2747,6889,45,480,525,187,712,23,425,448,809,1257,0,30,30,63,93,45,400,445,842,1287,0,27,27,144,171,247,330,577,194,161,161,86283
"2021-02-13 00:00:00",213,3876,4089,2838,6927,45,479,524,194,718,10,429,439,810,1249,0,37,37,61,98,45,406,451,807,1258,0,27,27,139,166,243,310,553,194,161,161,86440
"2021-02-14 00:00:00",216,3773,3989,2850,6839,50,476,526,177,703,20,459,479,848,1327,0,33,33,64,97,46,404,450,795,1245,0,32,32,135,167,235,304,539,194,161,161,86462
"2021-02-15 00:00:00",209,3569,3778,2953,6731,48,466,514,183,697,20,436,456,833,1289,0,28,28,68,96,42,396,438,795,1233,0,29,29,131,160,230,312,542,194,161,161,86916
"2021-02-16 00:00:00",220,3558,3778,2975,6753,42,469,511,177,688,28,368,396,883,1279,0,27,27,69,96,36,351,387,818,1205,0,30,30,138,168,220,316,536,194,161,161,87285
"2021-02-17 00:00:00",241,3737,3978,2926,6904,44,497,541,151,692,25,370,395,900,1295,0,36,36,61,97,42,391,433,815,1248,0,29,29,132,161,209,327,536,194,161,161,87624
"2021-02-18 00:00:00",233,3985,4218,2717,6935,45,480,525,176,701,22,407,429,884,1313,0,33,33,62,95,45,383,428,852,1280,0,30,30,130,160,219,316,535,194,161,161,87915
"2021-02-19 00:00:00",214,4078,4292,2629,6921,45,458,503,204,707,25,410,435,854,1289,0,38,38,58,96,38,363,401,871,1272,0,30,30,135,165,224,311,535,194,161,161,88198
"2021-02-20 00:00:00",215,3949,4164,2785,6949,39,454,493,207,700,23,404,427,875,1302,0,34,34,59,93,37,361,398,824,1222,0,33,33,134,167,241,316,557,194,161,161,88287
"2021-02-21 00:00:00",217,3718,3935,2866,6801,44,457,501,203,704,21,397,418,833,1251,0,30,30,64,94,37,353,390,825,1215,0,35,35,133,168,217,314,531,194,161,161,88299
"2021-02-22 00:00:00",233,3649,3882,2892,6774,41,463,504,248,752,23,384,407,827,1234,0,30,30,64,94,34,356,390,818,1208,0,33,33,137,170,209,324,533,194,161,161,88622
"2021-02-23 00:00:00",225,3693,3918,2970,6888,43,454,497,262,759,28,365,393,887,1280,0,33,33,62,95,39,375,414,820,1234,0,36,36,127,163,229,310,539,194,161,161,88909
"2021-02-24 00:00:00",242,3921,4163,2763,6926,46,458,504,201,705,33,369,402,860,1262,0,35,35,58,93,38,382,420,823,1243,0,33,33,126,159,242,308,550,194,161,161,89145
"2021-02-25 00:00:00",184,4110,4294,2662,6956,34,452,486,220,706,18,413,431,828,1259,1,33,34,62,96,28,365,393,823,1216,0,35,35,123,158,247,310,557,194,161,161,89406
"2021-02-26 00:00:00",169,4155,4324,2694,7018,27,441,468,214,682,23,416,439,847,1286,1,32,33,60,93,24,352,376,873,1249,0,34,34,129,163,231,318,549,194,161,161,89686
"2021-02-27 00:00:00",174,4101,4275,2786,7061,30,447,477,217,694,20,415,435,788,1223,0,32,32,59,91,19,354,373,865,1238,0,35,35,127,162,238,315,553,194,161,161,89792
"2021-02-28 00:00:00",150,3983,4133,2732,6865,25,428,453,235,688,16,396,412,852,1264,0,30,30,62,92,20,361,381,830,1211,0,30,30,130,160,224,319,543,194,161,161,89810
"2021-03-01 00:00:00",155,3852,4007,2672,6679,23,422,445,239,684,16,389,405,802,1207,0,30,30,63,93,23,335,358,839,1197,0,31,31,123,154,208,326,534,194,161,161,90084
"2021-03-02 00:00:00",162,3806,3968,2943,6911,23,443,466,218,684,24,388,412,874,1286,0,30,30,62,92,24,346,370,845,1215,0,33,33,120,153,241,326,567,194,161,161,90318
"2021-03-03 00:00:00",169,4000,4169,2678,6847,33,458,491,199,690,26,392,418,850,1268,0,29,29,65,94,25,358,383,869,1252,0,40,40,122,162,263,328,591,194,161,161,90575
"2021-03-04 00:00:00",171,4128,4299,2671,6970,23,466,489,189,678,35,408,443,806,1249,0,28,28,66,94,19,355,374,896,1270,0,34,34,125,159,255,322,577,194,161,161,90792
"2021-03-05 00:00:00",136,4177,4313,2654,6967,23,480,503,185,688,19,412,431,834,1265,0,31,31,60,91,18,369,387,881,1268,0,36,36,123,159,253,327,580,194,161,161,90987
"2021-03-06 00:00:00",147,4141,4288,2660,6948,24,464,488,198,686,16,421,437,856,1293,0,39,39,52,91,18,377,395,887,1282,0,39,39,123,162,232,337,569,194,161,161,91058
"2021-03-07 00:00:00",134,3921,4055,2728,6783,21,471,492,199,691,9,415,424,789,1213,0,40,40,54,94,19,365,384,868,1252,0,39,39,120,159,227,340,567,194,161,161,91073
"2021-03-08 00:00:00",127,3708,3835,2793,6628,20,461,481,222,703,10,388,398,796,1194,0,39,39,55,94,21,348,369,865,1234,0,37,37,133,170,198,346,544,194,161,161,91191
"2021-03-09 00:00:00",126,3758,3884,2888,6772,16,465,481,211,692,26,361,387,850,1237,0,40,40,53,93,15,357,372,859,1231,0,34,34,114,148,232,346,578,194,161,161,91469
"2021-03-10 00:00:00",138,3999,4137,2679,6816,18,478,496,188,684,28,376,404,871,1275,0,37,37,58,95,19,361,380,865,1245,0,33,33,110,143,236,333,569,194,161,161,91663
"2021-03-11 00:00:00",136,4055,4191,2645,6836,18,482,500,190,690,20,384,404,858,1262,0,39,39,56,95,19,353,372,874,1246,0,36,36,111,147,239,327,566,194,161,161,91817
"2021-03-12 00:00:00",138,4094,4232,2650,6882,18,481,499,185,684,6,436,442,839,1281,0,37,37,59,96,19,370,389,857,1246,0,38,38,106,144,240,334,574,194,161,161,91997
"2021-03-13 00:00:00",155,3985,4140,2675,6815,22,479,501,184,685,11,439,450,839,1289,0,39,39,57,96,21,347,368,877,1245,0,40,40,105,145,251,333,584,194,161,161,92051
"2021-03-14 00:00:00",131,3749,3880,2825,6705,20,454,474,205,679,19,421,440,813,1253,0,40,40,54,94,17,345,362,868,1230,0,41,41,101,142,215,344,559,194,161,161,92059
"2021-03-15 00:00:00",126,3592,3718,2955,6673,18,425,443,228,671,14,406,420,785,1205,0,45,45,49,94,17,330,347,878,1225,0,45,45,102,147,205,338,543,194,161,161,92272
"2021-03-16 00:00:00",132,3576,3708,3072,6780,21,435,456,221,677,18,362,380,861,1241,0,40,40,52,92,21,346,367,864,1231,0,45,45,104,149,216,346,562,194,161,161,92449
"2021-03-17 00:00:00",130,3840,3970,2817,6787,18,450,468,208,676,17,377,394,846,1240,0,38,38,57,95,18,356,374,868,1242,0,43,43,106,149,208,365,573,194,161,161,92622
"2021-03-18 00:00:00",131,3989,4120,2821,6941,16,464,480,198,678,16,388,404,823,1227,0,38,38,54,92,17,362,379,867,1246,0,44,44,102,146,214,334,548,194,161,161,92787
"2021-03-19 00:00:00",119,4087,4206,2664,6870,17,463,480,194,674,19,424,443,810,1253,0,42,42,51,93,21,371,392,856,1248,0,43,43,105,148,210,340,550,194,161,161,93037
"2021-03-20 00:00:00",130,4023,4153,2693,6846,15,451,466,217,683,13,427,440,822,1262,0,44,44,46,90,19,364,383,878,1261,0,43,43,109,152,214,314,528,194,161,161,93091
"2021-03-21 00:00:00",120,3923,4043,2764,6807,17,449,466,219,685,11,460,471,767,1238,0,39,39,48,87,22,373,395,826,1221,0,39,39,110,149,213,305,518,194,161,161,93102
"2021-03-22 00:00:00",122,3754,3876,2746,6622,19,456,475,216,691,15,411,426,789,1215,1,40,41,46,87,23,349,372,822,1194,1,39,40,114,154,212,322,534,194,161,161,93319
"2021-03-23 00:00:00",124,3702,3826,3004,6830,15,437,452,220,672,20,394,414,828,1242,1,36,37,59,96,21,358,379,845,1224,1,35,36,118,154,211,313,524,194,161,161,93508
"2021-03-24 00:00:00",155,3849,4004,2891,6895,18,440,458,215,673,22,377,399,814,1213,1,33,34,57,91,18,328,346,905,1251,0,32,32,113,145,225,312,537,194,161,161,93695
"2021-03-25 00:00:00",168,3919,4087,2798,6885,23,446,469,221,690,17,426,443,806,1249,1,33,34,61,95,19,347,366,889,1255,0,37,37,112,149,211,318,529,194,161,161,93833
"2021-03-26 00:00:00",165,4007,4172,2657,6829,25,458,483,204,687,21,428,449,788,1237,1,41,42,53,95,20,331,351,889,1240,0,36,36,117,153,215,309,524,194,161,161,93986
"2021-03-27 00:00:00",163,3971,4134,2718,6852,29,474,503,191,694,20,409,429,816,1245,1,41,42,51,93,22,326,348,906,1254,0,38,38,115,153,240,288,528,194,161,161,94029
"2021-03-28 00:00:00",171,3725,3896,2760,6656,30,440,470,208,678,22,381,403,788,1191,1,41,42,55,97,21,320,341,909,1250,0,42,42,112,154,232,320,552,194,161,161,94041
"2021-03-29 00:00:00",187,3536,3723,2988,6711,33,445,478,216,694,16,400,416,811,1227,1,39,40,55,95,23,320,343,901,1244,0,39,39,116,155,239,306,545,194,161,161,94204
"2021-03-30 00:00:00",201,3545,3746,3024,6770,39,458,497,220,717,18,395,413,865,1278,0,39,39,54,93,26,313,339,928,1267,0,39,39,118,157,235,313,548,194,161,161,94376
"2021-03-31 00:00:00",212,3659,3871,2888,6759,42,436,478,224,702,17,383,400,813,1213,0,37,37,57,94,28,306,334,904,1238,0,40,40,129,169,249,297,546,194,161,161,94527
"2021-04-01 00:00:00",219,3688,3907,2817,6724,43,449,492,221,713,15,415,430,842,1272,0,34,34,58,92,27,332,359,929,1288,0,40,40,110,150,253,299,552,194,161,161,94703
"2021-04-02 00:00:00",229,3486,3715,2939,6654,43,429,472,238,710,19,409,428,785,1213,0,32,32,59,91,28,329,357,910,1267,0,35,35,115,150,259,307,566,194,161,161,94860
"2021-04-03 00:00:00",228,3308,3536,3087,6623,43,417,460,242,702,22,380,402,817,1219,0,34,34,57,91,27,317,344,940,1284,0,40,40,112,152,230,317,547,194,161,161,94923
"2021-04-04 00:00:00",228,3216,3444,3216,6660,56,432,488,233,721,29,373,402,816,1218,0,33,33,59,92,30,299,329,929,1258,0,40,40,114,154,225,333,558,194,161,161,94931
"2021-04-05 00:00:00",246,3137,3383,3206,6589,56,433,489,228,717,38,336,374,794,1168,2,32,34,57,91,31,313,344,914,1258,0,41,41,117,158,228,322,550,194,161,161,95191
"2021-04-06 00:00:00",269,3246,3515,3026,6541,61,439,500,225,725,35,362,397,838,1235,2,30,32,61,93,37,322,359,893,1252,0,43,43,111,154,258,289,547,194,161,161,95444
"2021-04-07 00:00:00",297,3498,3795,2852,6647,63,443,506,220,726,28,408,436,811,1247,1,33,34,61,95,36,322,358,898,1256,0,41,41,110,151,269,310,579,194,161,161,95694
"2021-04-08 00:00:00",313,3674,3987,2671,6658,63,436,499,223,722,32,414,446,804,1250,1,33,34,61,95,38,325,363,904,1267,0,42,42,106,148,276,297,573,194,161,161,95926
"2021-04-09 00:00:00",321,3724,4045,2577,6622,60,441,501,230,731,26,439,465,807,1272,1,37,38,46,84,30,341,371,877,1248,0,41,41,118,159,286,289,575,194,161,161,96146
"2021-04-10 00:00:00",322,3685,4007,2665,6672,67,442,509,219,728,30,446,476,761,1237,1,37,38,53,91,35,331,366,923,1289,0,46,46,113,159,293,280,573,194,161,161,96253
"2021-04-11 00:00:00",367,3281,3648,2738,6386,73,442,515,218,733,32,412,444,772,1216,1,32,33,62,95,44,302,346,915,1261,0,36,36,114,150,294,294,588,194,161,161,96279
"2021-04-12 00:00:00",364,3273,3637,2840,6477,72,452,524,208,732,23,400,423,774,1197,1,31,32,62,94,43,308,351,903,1254,0,36,36,115,151,307,269,576,194,161,161,96481
"2021-04-13 00:00:00",385,3271,3656,2877,6533,81,452,533,212,745,21,405,426,801,1227,2,30,32,61,93,55,322,377,958,1335,1,39,40,112,152,293,280,573,194,161,161,96806
"2021-04-14 00:00:00",403,3487,3890,2628,6518,87,469,556,199,755,42,369,411,791,1202,4,29,33,61,94,52,355,407,853,1260,3,36,39,110,149,318,265,583,194,161,161,97094
"2021-04-15 00:00:00",418,3605,4023,2586,6609,94,468,562,201,763,43,385,428,808,1236,4,31,35,62,97,60,343,403,859,1262,3,41,44,108,152,309,265,574,194,161,161,97357
"2021-04-16 00:00:00",447,3568,4015,2559,6574,94,468,562,211,773,36,416,452,816,1268,5,29,34,63,97,60,346,406,851,1257,3,38,41,110,151,318,259,577,194,161,161,97679
"2021-04-17 00:00:00",454,3445,3899,2647,6546,92,460,552,203,755,36,454,490,799,1289,4,32,36,52,88,60,348,408,873,1281,2,44,46,104,150,316,258,574,194,161,161,97854
"2021-04-18 00:00:00",463,3222,3685,2697,6382,92,457,549,211,760,46,422,468,732,1200,4,31,35,56,91,65,338,403,845,1248,2,40,42,109,151,312,267,579,194,161,161,97902
"2021-04-19 00:00:00",476,3164,3640,2737,6377,89,449,538,214,752,55,416,471,761,1232,4,37,41,54,95,60,335,395,847,1242,2,39,41,111,152,313,251,564,194,161,161,98464
"2021-04-20 00:00:00",483,3208,3691,2797,6488,94,456,550,215,765,63,332,395,804,1199,4,34,38,54,92,67,342,409,853,1262,2,41,43,106,149,341,244,585,194,161,161,98929
"2021-04-21 00:00:00",500,3385,3885,2568,6453,110,473,583,184,767,51,362,413,802,1215,3,36,39,53,92,70,349,419,832,1251,2,35,37,109,146,337,242,579,194,161,161,99483
"2021-04-22 00:00:00",503,3454,3957,2545,6502,104,472,576,190,766,38,388,426,786,1212,2,39,41,50,91,71,332,403,858,1261,2,39,41,109,150,344,234,578,194,161,161,99844
"2021-04-23 00:00:00",497,3431,3928,2561,6489,99,477,576,190,766,38,393,431,781,1212,1,28,29,59,88,69,325,394,868,1262,1,39,40,111,151,341,238,579,194,161,161,99893
"2021-04-24 00:00:00",501,3394,3895,2562,6457,100,479,579,190,769,43,371,414,785,1199,2,27,29,62,91,70,321,391,916,1307,2,39,41,114,155,338,229,567,194,161,161,100038
"2021-04-25 00:00:00",507,3135,3642,2713,6355,103,458,561,196,757,37,367,404,788,1192,2,34,36,52,88,69,299,368,865,1233,2,37,39,114,153,326,234,560,194,161,161,100121
"2021-04-26 00:00:00",499,2982,3481,2844,6325,111,458,569,204,773,39,352,391,777,1168,2,29,31,56,87,75,317,392,869,1261,2,40,42,108,150,318,234,552,194,161,161,101295
"2021-04-27 00:00:00",520,2957,3477,2885,6362,102,458,560,203,763,38,332,370,817,1187,3,25,28,61,89,66,334,400,873,1273,2,36,38,106,144,326,236,562,194,161,161,102162
"2021-04-28 00:00:00",480,3327,3807,2669,6476,99,433,532,218,750,42,339,381,811,1192,3,29,32,59,91,66,358,424,851,1275,2,42,44,104,148,314,243,557,194,161,161,102971
"2021-04-29 00:00:00",443,3505,3948,2645,6593,92,457,549,209,758,38,355,393,816,1209,4,26,30,59,89,61,362,423,854,1277,2,31,33,118,151,293,254,547,194,161,161,104013
"2021-04-30 00:00:00",443,3505,3948,2645,6593,92,457,549,209,758,38,355,393,816,1209,4,26,30,59,89,61,362,423,854,1277,2,31,33,118,151,293,254,547,194,161,161,105076
"2021-05-01 00:00:00",417,3538,3955,2652,6607,95,481,576,192,768,27,370,397,830,1227,4,29,33,56,89,72,351,423,843,1266,2,32,34,107,141,289,267,556,194,161,161,105472
"2021-05-02 00:00:00",369,3402,3771,2733,6504,84,460,544,191,735,26,372,398,813,1211,3,28,31,57,88,69,325,394,876,1270,2,31,33,108,141,277,283,560,194,161,161,105566
"2021-05-03 00:00:00",360,3236,3596,2864,6460,97,469,566,193,759,29,354,383,815,1198,3,25,28,62,90,71,322,393,903,1296,2,30,32,106,138,267,292,559,194,161,161,106763
"2021-05-04 00:00:00",360,3285,3645,2891,6536,90,455,545,185,730,23,358,381,843,1224,3,20,23,68,91,69,344,413,846,1259,2,30,32,106,138,287,280,567,194,161,161,107678
"2021-05-05 00:00:00",341,3494,3835,2800,6635,94,471,565,182,747,26,389,415,774,1189,3,32,35,53,88,69,360,429,814,1243,2,31,33,106,139,295,284,579,194,161,161,108658
"2021-05-06 00:00:00",314,3692,4006,2682,6688,90,486,576,175,751,31,368,399,800,1199,3,37,40,54,94,72,333,405,924,1329,2,32,34,107,141,288,285,573,194,161,161,109749
"2021-05-07 00:00:00",309,3704,4013,2694,6707,88,471,559,177,736,35,380,415,804,1219,2,32,34,55,89,68,339,407,851,1258,2,36,38,105,143,281,285,566,194,161,161,110595
"2021-05-08 00:00:00",288,3662,3950,2667,6617,85,388,473,158,631,12,433,445,776,1221,2,25,27,68,95,65,324,389,836,1225,2,35,37,111,148,251,302,553,194,161,161,110890
"2021-05-09 00:00:00",283,3572,3855,2834,6689,81,396,477,163,640,22,405,427,786,1213,2,26,28,66,94,61,341,402,817,1219,2,38,40,106,146,264,307,571,194,161,161,110963
"2021-05-10 00:00:00",271,3665,3936,2890,6826,84,389,473,151,624,24,385,409,821,1230,2,23,25,66,91,62,357,419,846,1265,2,38,40,111,151,267,301,568,194,161,161,111962
"2021-05-11 00:00:00",256,3865,4121,2721,6842,79,417,496,143,639,17,408,425,810,1235,1,27,28,66,94,59,354,413,848,1261,1,38,39,112,151,274,300,574,194,161,161,112790
"2021-05-12 00:00:00",255,3975,4230,2654,6884,80,398,478,156,634,20,420,440,812,1252,1,32,33,60,93,57,374,431,832,1263,1,40,41,108,149,260,306,566,194,161,161,113554
"2021-05-13 00:00:00",244,3966,4210,2682,6892,70,391,461,170,631,22,443,465,800,1265,1,29,30,69,99,52,358,410,848,1258,1,39,40,108,148,271,303,574,194,161,161,114243
"2021-05-14 00:00:00",218,3972,4190,2669,6859,64,408,472,163,635,22,424,446,803,1249,1,33,34,56,90,45,343,388,870,1258,1,36,37,105,142,256,325,581,194,161,161,114850
"2021-05-15 00:00:00",213,3686,3899,2832,6731,60,407,467,165,632,19,471,490,749,1239,1,36,37,55,92,43,330,373,899,1272,1,34,35,110,145,247,328,575,194,161,161,115047
"2021-05-16 00:00:00",195,3773,3968,2878,6846,49,416,465,178,643,10,449,459,769,1228,1,37,38,55,93,37,333,370,866,1236,1,44,45,107,152,245,332,577,194,161,161,115099
"2021-05-17 00:00:00",206,3779,3985,2847,6832,56,403,459,188,647,19,425,444,812,1256,1,41,42,56,98,41,324,365,885,1250,1,45,46,109,155,238,314,552,194,161,161,115754
"2021-05-18 00:00:00",214,4058,4272,2678,6950,56,406,462,186,648,23,423,446,806,1252,1,36,37,54,91,41,330,371,883,1254,1,45,46,102,148,242,312,554,194,161,161,116273
"2021-05-19 00:00:00",187,4167,4354,2646,7000,51,422,473,176,649,17,424,441,818,1259,1,36,37,53,90,38,342,380,863,1243,1,44,45,100,145,242,318,560,194,161,161,116677
"2021-05-20 00:00:00",167,4265,4432,2504,6936,43,421,464,177,641,20,442,462,792,1254,1,35,36,60,96,32,324,356,863,1219,1,44,45,103,148,256,313,569,194,161,161,117130
"2021-05-21 00:00:00",165,4303,4468,2513,6981,44,423,467,176,643,20,480,500,764,1264,2,30,32,56,88,31,335,366,937,1303,1,41,42,103,145,265,301,566,194,161,161,117589
"2021-05-22 00:00:00",153,3984,4137,2627,6764,43,402,445,181,626,19,444,463,760,1223,2,35,37,55,92,31,320,351,868,1219,1,53,54,111,165,261,323,584,194,161,161,117739
"2021-05-23 00:00:00",162,3873,4035,2720,6755,43,390,433,203,636,22,471,493,736,1229,2,39,41,46,87,33,306,339,901,1240,1,36,37,113,150,267,315,582,194,161,161,117764
"2021-05-24 00:00:00",148,3891,4039,2746,6785,39,392,431,210,641,19,428,447,777,1224,2,35,37,51,88,30,310,340,915,1255,1,40,41,102,143,246,336,582,194,161,161,118139
"2021-05-25 00:00:00",138,4146,4284,2635,6919,37,417,454,194,648,20,439,459,791,1250,1,36,37,54,91,30,333,363,895,1258,1,35,36,107,143,245,343,588,194,161,161,118454
"2021-05-26 00:00:00",125,4262,4387,2565,6952,36,413,449,202,651,17,471,488,774,1262,1,31,32,56,88,27,315,342,917,1259,1,39,40,108,148,238,340,578,194,161,161,118734
"2021-05-27 00:00:00",98,4208,4306,2568,6874,32,403,435,225,660,15,499,514,748,1262,1,30,31,51,82,25,313,338,900,1238,1,36,37,107,144,255,324,579,194,161,161,119005
"2021-05-28 00:00:00",92,3912,4004,2716,6720,30,413,443,212,655,17,498,515,761,1276,1,34,35,56,91,24,320,344,889,1233,1,40,41,103,144,235,339,574,194,161,161,119213
"2021-05-29 00:00:00",92,3886,3978,2887,6865,29,406,435,214,649,21,444,465,799,1264,2,30,32,58,90,23,316,339,911,1250,2,42,44,105,149,217,354,571,194,161,161,119281
"2021-05-31 00:00:00",70,3821,3891,2803,6694,26,419,445,207,652,27,429,456,805,1261,2,25,27,65,92,16,340,356,912,1268,2,42,44,113,157,200,366,566,194,161,161,119533
"2021-06-01 00:00:00",82,3942,4024,2804,6828,24,417,441,212,653,26,440,466,791,1257,2,26,28,53,81,14,310,324,923,1247,2,38,40,113,153,219,346,565,194,161,161,119719
"2021-06-02 00:00:00",75,4114,4189,2742,6931,23,414,437,205,642,32,504,536,740,1276,2,27,29,53,82,15,322,337,934,1271,2,37,39,105,144,228,341,569,194,161,161,119909
"2021-06-03 00:00:00",75,4218,4293,2667,6960,21,416,437,202,639,24,501,525,710,1235,2,31,33,53,86,14,309,323,922,1245,2,35,37,109,146,229,328,557,194,161,161,120069
"2021-06-04 00:00:00",69,4212,4281,2702,6983,20,434,454,190,644,19,533,552,751,1303,1,37,38,48,86,11,299,310,931,1241,1,36,37,100,137,222,335,557,194,161,161,120217
"2021-06-05 00:00:00",59,4105,4164,2727,6891,18,411,429,208,637,27,507,534,721,1255,1,31,32,56,88,9,292,301,927,1228,1,33,34,110,144,222,341,563,194,161,161,120271
"2021-06-06 00:00:00",60,3942,4002,2832,6834,21,399,420,220,640,31,468,499,754,1253,0,42,42,57,99,9,289,298,959,1257,0,32,32,102,134,219,337,556,194,161,161,120278
"2021-06-07 00:00:00",71,3862,3933,2933,6866,16,403,419,211,630,24,483,507,765,1272,0,37,37,49,86,6,318,324,965,1289,0,33,33,101,134,219,344,563,194,161,161,120435
"2021-06-08 00:00:00",60,4179,4239,2745,6984,17,432,449,180,629,30,531,561,733,1294,0,41,41,46,87,7,330,337,945,1282,0,32,32,101,133,223,337,560,194,161,161,120570
"2021-06-09 00:00:00",58,4210,4268,2566,6834,18,437,455,175,630,28,546,574,744,1318,0,37,37,47,84,7,338,345,931,1276,0,34,34,101,135,222,333,555,194,161,161,120731
"2021-06-10 00:00:00",48,4347,4395,2544,6939,13,430,443,186,629,26,541,567,730,1297,0,35,35,48,83,5,318,323,964,1287,0,35,35,101,136,218,332,550,194,161,161,120824
"2021-06-11 00:00:00",45,4319,4364,2595,6959,12,435,447,184,631,22,520,542,737,1279,0,41,41,45,86,6,320,326,973,1299,0,41,41,102,143,221,327,548,194,161,161,120929
"2021-06-12 00:00:00",48,4117,4165,2724,6889,11,430,441,183,624,24,465,489,732,1221,0,35,35,48,83,5,317,322,963,1285,0,34,34,101,135,223,321,544,194,161,161,120966
"2021-06-13 00:00:00",39,4072,4111,2733,6844,12,430,442,187,629,21,443,464,704,1168,0,37,37,44,81,5,311,316,1003,1319,0,31,31,102,133,218,319,537,194,161,161,120971
"2021-06-14 00:00:00",37,4125,4162,2757,6919,10,429,439,184,623,21,454,475,787,1262,0,38,38,46,84,3,311,314,949,1263,0,32,32,101,133,211,333,544,194,161,161,121090
"2021-06-15 00:00:00",50,4296,4346,2633,6979,10,439,449,175,624,32,480,512,770,1282,0,41,41,41,82,3,331,334,951,1285,0,27,27,100,127,229,323,552,194,161,161,121174
"2021-06-16 00:00:00",43,4497,4540,2484,7024,10,453,463,176,639,30,493,523,771,1294,0,40,40,46,86,3,342,345,918,1263,0,30,30,100,130,223,323,546,194,161,161,121239
"2021-06-17 00:00:00",48,4497,4545,2481,7026,16,448,464,175,639,31,502,533,759,1292,0,40,40,51,91,3,367,370,933,1303,0,30,30,99,129,208,336,544,194,161,161,121325
"2021-06-18 00:00:00",37,4351,4388,2507,6895,13,441,454,168,622,17,524,541,766,1307,1,38,39,51,90,3,334,337,933,1270,1,30,31,97,128,219,346,565,194,161,161,121382
"2021-06-19 00:00:00",42,4138,4180,2702,6882,13,428,441,189,630,23,500,523,753,1276,1,31,32,57,89,5,320,325,939,1264,1,31,32,102,134,201,364,565,194,161,161,121414
"2021-06-20 00:00:00",39,3875,3914,2965,6879,13,418,431,194,625,35,501,536,772,1308,1,30,31,54,85,5,302,307,962,1269,1,33,34,100,134,204,351,555,194,161,161,121418
"2021-06-21 00:00:00",35,3823,3858,2967,6825,11,405,416,214,630,24,490,514,771,1285,1,31,32,52,84,5,295,300,973,1273,0,30,30,100,130,215,339,554,194,161,161,121443
"2021-06-22 00:00:00",47,4211,4258,2690,6948,10,409,419,218,637,14,509,523,763,1286,1,36,37,49,86,5,293,298,994,1292,0,30,30,100,130,234,326,560,194,161,161,121505
"2021-06-23 00:00:00",49,4303,4352,2525,6877,10,417,427,200,627,21,541,562,740,1302,0,36,36,51,87,5,302,307,988,1295,0,32,32,106,138,231,333,564,194,161,161,121547
"2021-06-24 00:00:00",43,4333,4376,2552,6928,9,428,437,203,640,18,533,551,765,1316,0,35,35,52,87,5,296,301,1057,1358,0,39,39,105,144,219,333,552,194,161,161,121600
"2021-06-25 00:00:00",37,4402,4439,2566,7005,9,423,432,197,629,19,491,510,750,1260,0,39,39,50,89,5,291,296,1014,1310,0,42,42,106,148,219,338,557,194,161,161,121651
"2021-06-26 00:00:00",40,4091,4131,2670,6801,7,422,429,207,636,23,497,520,753,1273,0,38,38,57,95,5,288,293,1010,1303,0,37,37,107,144,222,330,552,194,161,161,121665
"2021-06-27 00:00:00",38,4023,4061,2743,6804,8,400,408,214,622,29,463,492,766,1258,0,39,39,55,94,6,287,293,995,1288,0,39,39,108,147,230,336,566,194,161,161,121668
"2021-06-28 00:00:00",25,4014,4039,2786,6825,8,410,418,206,624,23,458,481,758,1239,0,38,38,53,91,6,299,305,996,1301,0,37,37,110,147,211,339,550,194,161,161,121721
"2021-06-29 00:00:00",32,4356,4388,2607,6995,6,433,439,188,627,24,483,507,759,1266,0,36,36,50,86,4,317,321,973,1294,0,39,39,103,142,211,337,548,194,161,161,121771
"2021-06-30 00:00:00",44,4449,4493,2480,6973,8,433,441,180,621,27,513,540,739,1279,0,40,40,48,88,5,332,337,969,1306,0,40,40,104,144,215,345,560,194,161,161,121815
"2021-07-01 00:00:00",33,4455,4488,2483,6971,8,439,447,177,624,17,542,559,740,1299,0,44,44,45,89,4,320,324,972,1296,0,40,40,105,145,206,352,558,194,161,161,121849
"2021-07-02 00:00:00",24,4390,4414,2517,6931,8,439,447,179,626,22,533,555,742,1297,0,41,41,51,92,4,324,328,972,1300,0,40,40,111,151,199,340,539,194,161,161,121886
"2021-07-03 00:00:00",31,4238,4269,2670,6939,6,420,426,175,601,10,526,536,746,1282,0,38,38,47,85,4,331,335,941,1276,0,41,41,121,162,201,332,533,194,161,161,121909
"2021-07-04 00:00:00",25,4055,4080,2695,6775,6,412,418,185,603,13,514,527,740,1267,0,37,37,48,85,4,330,334,938,1272,0,43,43,114,157,199,291,490,194,161,161,121914
"2021-07-05 00:00:00",26,3897,3923,2824,6747,6,417,423,192,615,23,505,528,745,1273,0,35,35,56,91,4,312,316,934,1250,0,45,45,109,154,197,293,490,194,161,161,121974
"2021-07-06 00:00:00",25,4082,4107,2733,6840,6,423,429,192,621,20,537,557,731,1288,0,38,38,52,90,5,319,324,960,1284,0,45,45,114,159,209,284,493,194,161,161,122024
"2021-07-07 00:00:00",26,4290,4316,2539,6855,6,417,423,186,609,11,595,606,688,1294,0,35,35,57,92,5,323,328,950,1278,0,44,44,109,153,220,291,511,194,161,161,122054
"2021-07-08 00:00:00",33,4302,4335,2541,6876,8,404,412,198,610,22,616,638,644,1282,0,35,35,54,89,6,329,335,938,1273,0,43,43,107,150,218,292,510,194,161,161,122077
"2021-07-09 00:00:00",32,4418,4450,2513,6963,9,399,408,199,607,17,625,642,633,1275,0,35,35,50,85,8,328,336,940,1276,0,42,42,114,156,219,290,509,194,161,161,122108
"2021-07-10 00:00:00",34,4224,4258,2618,6876,8,406,414,196,610,20,578,598,668,1266,0,32,32,49,81,7,321,328,955,1283,0,46,46,107,153,227,279,506,194,161,161,122115
"2021-07-11 00:00:00",43,4079,4122,2767,6889,7,414,421,185,606,20,526,546,712,1258,0,32,32,49,81,6,306,312,953,1265,0,41,41,108,149,212,286,498,194,161,161,122119
"2021-07-12 00:00:00",41,4079,4120,2776,6896,7,414,421,191,612,15,520,535,722,1257,0,35,35,51,86,5,330,335,955,1290,0,46,46,97,143,218,290,508,194,161,161,122160
"2021-07-13 00:00:00",57,4420,4477,2499,6976,11,431,442,175,617,15,540,555,686,1241,0,39,39,46,85,8,317,325,958,1283,0,47,47,111,158,233,276,509,194,161,161,122194
"2021-07-14 00:00:00",59,4376,4435,2511,6946,11,428,439,190,629,14,559,573,653,1226,0,40,40,43,83,8,330,338,945,1283,0,46,46,112,158,240,266,506,194,161,161,122215
"2021-07-15 00:00:00",56,4463,4519,2494,7013,10,420,430,181,611,17,571,588,672,1260,0,41,41,42,83,8,327,335,970,1305,0,41,41,116,157,242,261,503,194,161,161,122247
"2021-07-16 00:00:00",61,4359,4420,2539,6959,12,423,435,182,617,17,604,621,638,1259,0,38,38,49,87,10,336,346,957,1303,0,46,46,115,161,259,251,510,194,161,161,122272
"2021-07-17 00:00:00",57,4084,4141,2734,6875,13,413,426,192,618,27,586,613,645,1258,1,43,44,42,86,10,340,350,951,1301,1,51,52,115,167,245,260,505,194,161,161,122287
"2021-07-18 00:00:00",60,3981,4041,2791,6832,14,398,412,209,621,26,571,597,652,1249,1,47,48,39,87,11,333,344,944,1288,0,50,50,118,168,237,264,501,194,161,161,122293
"2021-07-19 00:00:00",67,4064,4131,2768,6899,13,392,405,215,620,25,564,589,674,1263,0,37,37,49,86,11,322,333,943,1276,0,42,42,117,159,224,280,504,194,161,161,122341
"2021-07-20 00:00:00",83,4217,4300,2681,6981,16,410,426,190,616,19,601,620,649,1269,0,45,45,45,90,12,323,335,970,1305,0,46,46,119,165,232,276,508,194,161,161,122389
"2021-07-21 00:00:00",86,4344,4430,2555,6985,17,428,445,174,619,14,593,607,655,1262,0,45,45,37,82,10,324,334,965,1299,0,50,50,110,160,217,280,497,194,161,161,122458
"2021-07-22 00:00:00",81,4335,4416,2574,6990,19,409,428,203,631,16,581,597,663,1260,0,34,34,48,82,11,329,340,954,1294,0,46,46,117,163,217,281,498,194,161,161,122523
"2021-07-23 00:00:00",90,4185,4275,2640,6915,21,414,435,200,635,12,593,605,674,1279,1,31,32,50,82,12,321,333,954,1287,1,44,45,119,164,226,276,502,194,161,161,122573
"2021-07-24 00:00:00",85,3946,4031,2835,6866,25,398,423,211,634,21,542,563,657,1220,1,28,29,60,89,11,308,319,952,1271,1,44,45,123,168,222,275,497,194,161,161,122594
"2021-07-25 00:00:00",83,3898,3981,2899,6880,26,390,416,213,629,15,558,573,679,1252,1,28,29,51,80,11,320,331,964,1295,1,44,45,115,160,208,289,497,194,161,161,122602
"2021-07-26 00:00:00",95,3773,3868,2889,6757,25,390,415,198,613,18,548,566,695,1261,0,29,29,56,85,16,302,318,980,1298,0,37,37,105,142,216,285,501,161,161,194,122634
"2021-07-27 00:00:00",117,3813,3930,2962,6892,24,398,422,193,615,23,543,566,696,1262,0,34,34,48,82,13,319,332,959,1291,0,33,33,109,142,229,280,509,194,161,161,122716
"2021-07-28 00:00:00",116,3996,4112,2802,6914,27,398,425,196,621,19,553,572,665,1237,1,31,32,50,82,13,313,326,954,1280,0,34,34,111,145,236,271,507,194,161,161,122798
"2021-07-29 00:00:00",129,4057,4186,2789,6975,27,402,429,184,613,23,583,606,633,1239,1,31,32,48,80,15,314,329,959,1288,0,35,35,109,144,244,278,522,194,161,161,122856
"2021-07-30 00:00:00",145,3943,4088,2803,6891,28,393,421,199,620,26,560,586,706,1292,2,29,31,49,80,16,314,330,958,1288,0,37,37,104,141,234,269,503,194,161,161,122934
"2021-07-31 00:00:00",150,3882,4032,2861,6893,38,369,407,210,617,20,543,563,723,1286,2,26,28,51,79,22,306,328,972,1300,0,35,35,107,142,226,267,493,194,161,161,122972
"2021-08-01 00:00:00",159,3762,3921,2882,6803,37,373,410,190,600,18,516,534,695,1229,2,22,24,53,77,19,314,333,977,1310,0,36,36,109,145,236,274,510,194,161,161,122992
"2021-08-02 00:00:00",175,3871,4046,2879,6925,38,383,421,175,596,20,494,514,744,1258,3,23,26,50,76,23,302,325,929,1254,1,40,41,109,150,258,270,528,194,161,161,123135
"2021-08-03 00:00:00",206,4009,4215,2714,6929,44,398,442,170,612,23,519,542,715,1257,3,28,31,48,79,28,305,333,923,1256,1,39,40,119,159,246,270,516,194,161,161,123278
"2021-08-04 00:00:00",207,4294,4501,2644,7145,47,409,456,158,614,28,520,548,693,1241,3,31,34,46,80,36,316,352,922,1274,0,34,34,122,156,254,252,506,194,161,161,123407
"2021-08-05 00:00:00",226,4200,4426,2468,6894,54,392,446,172,618,26,537,563,715,1278,3,32,35,45,80,40,308,348,932,1280,1,37,38,121,159,262,254,516,194,161,161,123560
"2021-08-06 00:00:00",263,4098,4361,2557,6918,56,401,457,170,627,38,548,586,692,1278,3,38,41,39,80,42,299,341,928,1269,1,39,40,114,154,289,231,520,194,161,161,123705
"2021-08-07 00:00:00",260,3970,4230,2639,6869,65,384,449,168,617,36,551,587,690,1277,2,40,42,40,82,42,312,354,950,1304,1,35,36,107,143,268,245,513,194,161,161,123764
"2021-08-08 00:00:00",296,3856,4152,2650,6802,71,379,450,169,619,32,567,599,691,1290,2,37,39,42,81,47,306,353,938,1291,1,34,35,109,144,287,247,534,194,161,161,123788
"2021-08-09 00:00:00",292,3899,4191,2773,6964,68,370,438,175,613,29,550,579,669,1248,2,29,31,53,84,45,298,343,922,1265,1,34,35,123,158,283,261,544,194,161,161,123996
"2021-08-10 00:00:00",311,4014,4325,2705,7030,76,383,459,154,613,35,540,575,675,1250,2,27,29,57,86,49,308,357,904,1261,0,32,32,122,154,278,256,534,194,161,161,124219
"2021-08-11 00:00:00",315,4133,4448,2611,7059,76,366,442,165,607,35,563,598,655,1253,2,37,39,49,88,48,310,358,929,1287,0,37,37,123,160,278,245,523,194,161,161,124427
"2021-08-12 00:00:00",338,4087,4425,2639,7064,80,372,452,165,617,41,603,644,644,1288,4,37,41,46,87,56,326,382,908,1290,2,39,41,115,156,282,242,524,194,161,161,124655
"2021-08-13 00:00:00",374,3978,4352,2624,6976,88,376,464,140,604,43,598,641,634,1275,4,36,40,47,87,60,338,398,882,1280,2,40,42,113,155,313,226,539,194,161,161,124905
"2021-08-14 00:00:00",379,3918,4297,2597,6894,90,368,458,162,620,39,596,635,661,1296,4,32,36,53,89,62,324,386,891,1277,2,34,36,113,149,290,234,524,194,161,161,124996
"2021-08-15 00:00:00",398,3767,4165,2751,6916,94,355,449,165,614,38,569,607,689,1296,3,28,31,55,86,59,343,402,886,1288,2,41,43,108,151,294,233,527,194,161,161,125029
"2021-08-16 00:00:00",419,3708,4127,2784,6911,100,347,447,166,613,37,515,552,722,1274,3,28,31,55,86,69,337,406,873,1279,2,35,37,116,153,290,233,523,194,161,161,125203
"2021-08-17 00:00:00",427,3790,4217,2643,6860,101,338,439,178,617,38,515,553,718,1271,2,29,31,57,88,70,342,412,866,1278,1,31,32,110,142,305,222,527,194,161,161,125581
"2021-08-18 00:00:00",449,4075,4524,2593,7117,108,334,442,169,611,43,520,563,673,1236,2,36,38,51,89,82,326,408,849,1257,1,40,41,112,153,294,213,507,194,161,161,125999
"2021-08-19 00:00:00",461,4116,4577,2462,7039,111,327,438,169,607,48,542,590,668,1258,2,30,32,56,88,77,323,400,844,1244,1,41,42,108,150,311,210,521,194,161,161,126443
"2021-08-20 00:00:00",482,4028,4510,2459,6969,118,333,451,160,611,49,546,595,663,1258,2,31,33,53,86,83,322,405,832,1237,1,34,35,120,155,333,201,534,194,161,161,126907
"2021-08-21 00:00:00",472,3839,4311,2597,6908,116,327,443,168,611,39,544,583,693,1276,0,29,29,57,86,86,333,419,856,1275,0,37,37,115,152,331,202,533,194,161,161,127082
"2021-08-22 00:00:00",468,3788,4256,2677,6933,120,314,434,172,606,34,546,580,705,1285,1,28,29,58,87,90,323,413,868,1281,0,35,35,121,156,316,225,541,194,161,161,127135
"2021-08-23 00:00:00",494,3700,4194,2775,6969,112,329,441,178,619,36,542,578,695,1273,1,28,29,62,91,83,324,407,859,1266,0,35,35,113,148,304,233,537,194,161,161,127731
"2021-08-24 00:00:00",499,3877,4376,2564,6940,108,336,444,183,627,32,544,576,703,1279,1,33,34,55,89,78,335,413,868,1281,0,36,36,109,145,297,234,531,194,161,161,128224
"2021-08-25 00:00:00",515,3969,4484,2507,6991,109,343,452,171,623,41,550,591,693,1284,2,33,35,58,93,79,334,413,881,1294,0,35,35,118,153,301,226,527,194,161,161,128483
"2021-08-26 00:00:00",493,3923,4416,2426,6842,114,336,450,163,613,28,575,603,709,1312,1,39,40,51,91,87,347,434,873,1307,0,35,35,125,160,333,227,560,194,161,161,128995
"2021-08-27 00:00:00",460,4052,4512,2450,6962,113,334,447,172,619,31,587,618,669,1287,1,39,40,51,91,90,354,444,857,1301,0,33,33,124,157,339,217,556,194,161,161,129589
"2021-08-28 00:00:00",458,3871,4329,2611,6940,120,325,445,174,619,30,600,630,639,1269,1,40,41,50,91,94,348,442,842,1284,0,37,37,111,148,323,237,560,194,161,161,129876
"2021-08-29 00:00:00",462,3811,4273,2669,6942,113,328,441,180,621,31,575,606,642,1248,0,44,44,48,92,90,338,428,837,1265,0,37,37,116,153,338,216,554,194,161,161,129940
"2021-08-30 00:00:00",479,3734,4213,2737,6950,130,308,438,176,614,35,533,568,708,1276,1,43,44,46,90,104,302,406,876,1282,0,33,33,116,149,343,201,544,194,161,161,130906
"2021-08-31 00:00:00",477,3914,4391,2627,7018,109,339,448,168,616,29,534,563,702,1265,0,41,41,49,90,88,325,413,886,1299,0,34,34,125,159,348,210,558,194,161,161,131598
"2021-09-01 00:00:00",453,3982,4435,2572,7007,110,346,456,164,620,20,490,510,714,1224,0,42,42,48,90,85,333,418,875,1293,0,32,32,127,159,342,216,558,194,161,161,132352
"2021-09-02 00:00:00",466,4089,4555,2448,7003,106,360,466,176,642,21,572,593,670,1263,0,46,46,43,89,83,329,412,872,1284,0,34,34,113,147,340,215,555,194,161,161,133121
"2021-09-03 00:00:00",467,3964,4431,2495,6926,111,333,444,169,613,31,560,591,699,1290,0,44,44,45,89,84,339,423,877,1300,0,63,63,119,182,346,210,556,194,161,161,133847
"2021-09-04 00:00:00",426,3820,4246,2647,6893,107,327,434,182,616,29,520,549,674,1223,0,47,47,52,99,81,328,409,914,1323,0,39,39,111,150,319,216,535,194,161,161,134143
"2021-09-05 00:00:00",419,3644,4063,2711,6774,115,318,433,178,611,24,530,554,718,1272,0,45,45,54,99,83,337,420,899,1319,0,39,39,119,158,295,229,524,194,161,161,134203
"2021-09-06 00:00:00",423,3621,4044,2743,6787,113,324,437,187,624,30,546,576,659,1235,1,39,40,50,90,88,338,426,896,1322,0,42,42,108,150,287,225,512,194,161,161,135076
"2021-09-07 00:00:00",417,3663,4080,2798,6878,124,318,442,183,625,41,519,560,706,1266,1,41,42,48,90,94,301,395,883,1278,0,66,66,106,172,294,251,545,194,161,161,135729
"2021-09-08 00:00:00",384,3967,4351,2696,7047,106,334,440,188,628,28,542,570,650,1220,1,38,39,57,96,78,326,404,900,1304,0,44,44,109,153,312,270,582,194,161,161,136337
"2021-09-09 00:00:00",366,4047,4413,2528,6941,105,340,445,177,622,29,533,562,684,1246,1,36,37,53,90,77,324,401,888,1289,0,44,44,105,149,303,269,572,194,161,161,136932
"2021-09-10 00:00:00",349,4064,4413,2465,6878,106,329,435,198,633,24,565,589,634,1223,2,45,47,46,93,77,301,378,894,1272,0,40,40,122,162,302,274,576,194,161,161,137560
"2021-09-11 00:00:00",342,3833,4175,2689,6864,100,339,439,187,626,21,561,582,689,1271,2,37,39,49,88,72,318,390,883,1273,0,39,39,122,161,399,287,686,194,161,161,137846
"2021-09-12 00:00:00",335,3786,4121,2814,6935,100,336,436,185,621,19,566,585,635,1220,2,36,38,49,87,71,316,387,827,1214,0,42,42,107,149,297,285,582,194,161,161,137917
"2021-09-13 00:00:00",337,3724,4061,2913,6974,99,336,435,188,623,18,555,573,675,1248,2,40,42,45,87,68,341,409,891,1300,0,40,40,116,156,274,282,556,194,161,161,138742
"2021-09-14 00:00:00",314,3863,4177,2790,6967,89,354,443,186,629,23,588,611,649,1260,1,44,45,43,88,71,342,413,896,1309,0,41,41,122,163,277,267,544,194,161,161,139362
"2021-09-15 00:00:00",307,4010,4317,2731,7048,95,355,450,189,639,28,587,615,659,1274,1,45,46,44,90,69,358,427,880,1307,1,44,45,107,152,280,286,566,194,161,161,139967
"2021-09-16 00:00:00",286,4025,4311,2745,7056,88,360,448,190,638,24,594,618,646,1264,1,40,41,49,90,66,354,420,898,1318,1,43,44,105,149,280,287,567,194,161,161,140485
"2021-09-17 00:00:00",277,4054,4331,2694,7025,82,375,457,171,628,23,584,607,659,1266,1,35,36,53,89,62,343,405,918,1323,1,43,44,117,161,274,284,558,194,161,161,140995
"2021-09-18 00:00:00",259,3817,4076,2776,6852,82,367,449,177,626,19,617,636,671,1307,1,34,35,55,90,63,334,397,892,1289,1,44,45,118,163,284,286,570,194,161,161,141246
"2021-09-19 00:00:00",242,3837,4079,2817,6896,79,367,446,192,638,15,626,641,661,1302,0,37,37,51,88,60,325,385,905,1290,0,46,46,109,155,242,296,538,194,161,161,141314
"2021-09-20 00:00:00",242,3766,4008,2994,7002,77,365,442,178,620,14,566,580,702,1282,0,38,38,52,90,54,334,388,904,1292,0,50,50,106,156,232,306,538,194,161,161,141957
"2021-09-21 00:00:00",225,4035,4260,2782,7042,74,364,438,175,613,21,581,602,665,1267,0,40,40,56,96,53,322,375,899,1274,0,47,47,119,166,246,307,553,194,161,161,142493
"2021-09-22 00:00:00",208,4191,4399,2671,7070,74,384,458,168,626,19,608,627,638,1265,0,41,41,50,91,49,346,395,895,1290,0,48,48,104,152,253,294,547,194,161,161,142962
"2021-09-23 00:00:00",212,4192,4404,2655,7059,70,388,458,171,629,14,615,629,623,1252,0,40,40,56,96,47,316,363,906,1269,0,47,47,116,163,281,292,573,194,161,161,143351
"2021-09-24 00:00:00",192,4231,4423,2698,7121,61,394,455,163,618,15,614,629,625,1254,0,36,36,60,96,41,320,361,918,1279,0,44,44,122,166,255,294,549,194,161,161,143768
"2021-09-25 00:00:00",169,3995,4164,2793,6957,57,391,448,173,621,13,591,604,672,1276,0,29,29,61,90,37,320,357,907,1264,0,46,46,110,156,243,304,547,194,161,161,143941
"2021-09-26 00:00:00",164,3862,4026,2892,6918,55,370,425,184,609,9,556,565,681,1246,0,30,30,52,82,36,309,345,948,1293,0,45,45,109,154,226,313,539,194,161,161,143989
"2021-09-27 00:00:00",159,3861,4020,2968,6988,51,370,421,190,611,14,557,571,676,1247,0,33,33,54,87,38,306,344,910,1254,0,50,50,109,159,233,308,541,194,161,161,144142
"2021-09-28 00:00:00",144,4127,4271,2729,7000,49,368,417,199,616,19,595,614,649,1263,0,38,38,48,86,37,318,355,932,1287,0,48,48,120,168,237,321,558,194,161,161,144721
"2021-09-29 00:00:00",148,4200,4348,2664,7012,48,382,430,197,627,18,640,658,598,1256,0,42,42,49,91,39,306,345,929,1274,0,46,46,118,164,241,314,555,194,161,161,145130
"2021-09-30 00:00:00",137,4224,4361,2791,7152,47,370,417,214,631,17,627,644,597,1241,0,43,43,45,88,37,320,357,939,1296,0,46,46,118,164,242,317,559,194,161,161,145458
"2021-10-01 00:00:00",127,4216,4343,2702,7045,46,369,415,253,668,16,623,639,654,1293,0,41,41,48,89,35,328,363,932,1295,0,45,45,122,167,229,333,562,194,161,161,145796
"2021-10-02 00:00:00",120,4120,4240,2685,6925,42,377,419,236,655,5,633,638,637,1275,0,43,43,51,94,28,328,356,921,1277,0,42,42,123,165,220,350,570,194,161,161,145914
"2021-10-03 00:00:00",123,3953,4076,2907,6983,42,377,419,201,620,13,590,603,637,1240,0,41,41,45,86,27,335,362,931,1293,0,42,42,140,182,212,351,563,194,161,161,145947
"2021-10-04 00:00:00",115,3923,4038,2956,6994,43,383,426,200,626,16,586,602,662,1264,0,40,40,54,94,28,321,349,917,1266,0,41,41,130,171,219,338,557,194,161,161,146269
"2021-10-05 00:00:00",120,4161,4281,2767,7048,40,388,428,193,621,8,605,613,662,1275,0,43,43,46,89,25,321,346,923,1269,0,42,42,125,167,236,324,560,194,161,161,146565
"2021-10-06 00:00:00",116,4366,4482,2609,7091,35,418,453,173,626,11,627,638,627,1265,0,48,48,40,88,26,323,349,928,1277,0,42,42,126,168,245,321,566,194,161,161,146763
"2021-10-07 00:00:00",104,4311,4415,2661,7076,35,427,462,171,633,15,604,619,664,1283,0,40,40,49,89,25,326,351,943,1294,0,47,47,126,173,224,329,553,194,161,161,146948
"2021-10-08 00:00:00",100,4217,4317,2690,7007,33,413,446,188,634,14,621,635,666,1301,0,40,40,49,89,22,335,357,948,1305,0,44,44,117,161,225,335,560,194,161,161,147132
"2021-10-09 00:00:00",106,3973,4079,2829,6908,34,405,439,166,605,12,623,635,607,1242,0,41,41,48,89,24,322,346,964,1310,0,43,43,116,159,229,328,557,194,161,161,147212
"2021-10-10 00:00:00",96,3893,3989,2906,6895,34,409,443,174,617,15,615,630,632,1262,0,40,40,48,88,22,322,344,958,1302,0,48,48,113,161,218,329,547,194,161,161,147237
"2021-10-11 00:00:00",91,3917,4008,2910,6918,31,389,420,191,611,17,609,626,675,1301,0,38,38,47,85,20,310,330,946,1276,0,47,47,109,156,204,337,541,194,161,161,147465
"2021-10-12 00:00:00",98,3996,4094,2906,7000,32,400,432,189,621,21,567,588,694,1282,0,38,38,48,86,20,320,340,947,1287,0,47,47,110,157,220,353,573,194,161,161,147663
"2021-10-13 00:00:00",101,4236,4337,2750,7087,34,393,427,194,621,17,589,606,666,1272,0,42,42,48,90,25,326,351,928,1279,0,45,45,111,156,238,349,587,194,161,161,147853
"2021-10-14 00:00:00",102,4380,4482,2625,7107,32,409,441,190,631,9,616,625,608,1233,0,45,45,45,90,24,323,347,941,1288,0,44,44,117,161,213,334,547,194,161,161,148005
"2021-10-15 00:00:00",101,4327,4428,2652,7080,30,394,424,204,628,16,603,619,660,1279,0,38,38,50,88,22,324,346,939,1285,0,42,42,123,165,217,337,554,194,161,161,148149
"2021-10-16 00:00:00",91,4222,4313,2772,7085,30,388,418,270,688,13,569,582,670,1252,0,41,41,49,90,21,326,347,935,1282,0,42,42,125,167,210,335,545,194,161,161,148205
"2021-10-17 00:00:00",84,4049,4133,2932,7065,27,405,432,189,621,16,571,587,616,1203,0,38,38,50,88,19,333,352,937,1289,0,40,40,123,163,202,341,543,194,161,161,148222
"2021-10-18 00:00:00",78,4069,4147,2928,7075,28,400,428,189,617,14,571,585,692,1277,0,36,36,51,87,17,327,344,921,1265,0,38,38,113,151,208,329,537,194,161,161,148373
"2021-10-19 00:00:00",82,4298,4380,2770,7150,22,407,429,193,622,18,587,605,628,1233,0,37,37,55,92,16,338,354,928,1282,0,40,40,124,164,217,326,543,194,161,161,148469
"2021-10-20 00:00:00",73,4367,4440,2663,7103,19,398,417,192,609,20,606,626,667,1293,0,39,39,53,92,12,363,375,912,1287,0,49,49,117,166,244,306,550,194,161,161,148603
"2021-10-21 00:00:00",70,4408,4478,2615,7093,17,396,413,197,610,14,620,634,644,1278,0,45,45,51,96,13,342,355,920,1275,0,51,51,117,168,252,305,557,194,161,161,148681
"2021-10-22 00:00:00",56,4325,4381,2614,6995,18,401,419,202,621,17,624,641,651,1292,0,42,42,53,95,14,328,342,929,1271,0,52,52,101,153,233,327,560,194,161,161,148781
"2021-10-23 00:00:00",58,4125,4183,2676,6859,17,401,418,184,602,16,610,626,672,1298,0,41,41,54,95,13,332,345,922,1267,0,52,52,102,154,227,324,551,194,161,161,148820
"2021-10-24 00:00:00",57,4087,4144,2718,6862,16,387,403,206,609,20,591,611,653,1264,0,38,38,59,97,12,347,359,908,1267,0,46,46,107,153,209,307,516,194,161,161,148833
"2021-10-25 00:00:00",60,4081,4141,2814,6955,16,384,400,197,597,17,577,594,727,1321,0,34,34,59,93,15,335,350,912,1262,0,45,45,105,150,235,271,506,194,161,161,148958
"2021-10-26 00:00:00",53,4339,4392,2689,7081,12,413,425,188,613,16,611,627,654,1281,0,34,34,59,93,11,339,350,907,1257,0,43,43,113,156,235,277,512,194,161,161,149029
"2021-10-27 00:00:00",54,4483,4537,2566,7103,12,411,423,184,607,15,656,671,650,1321,0,37,37,52,89,11,341,352,933,1285,0,41,41,108,149,249,281,530,194,161,161,149116
"2021-10-28 00:00:00",43,4584,4627,2480,7107,9,427,436,180,616,13,643,656,617,1273,1,43,44,45,89,8,365,373,928,1301,0,39,39,113,152,228,284,512,194,161,161,149224
"2021-10-29 00:00:00",45,4508,4553,2528,7081,9,419,428,183,611,9,635,644,606,1250,1,45,46,43,89,7,350,357,936,1293,0,38,38,107,145,247,285,532,194,161,161,149344
"2021-10-30 00:00:00",38,4291,4329,2654,6983,9,419,428,193,621,4,639,643,641,1284,1,43,44,45,89,7,340,347,923,1270,0,37,37,115,152,236,286,522,194,161,161,149377
"2021-10-31 00:00:00",44,4178,4222,2709,6931,9,406,415,207,622,14,621,635,643,1278,1,38,39,48,87,7,341,348,941,1289,0,43,43,117,160,243,291,534,194,161,161,149387
"2021-11-01 00:00:00",45,4237,4282,2786,7068,13,411,424,203,627,16,584,600,643,1243,1,35,36,52,88,9,352,361,913,1274,0,50,50,109,159,245,285,530,194,161,161,149474
"2021-11-02 00:00:00",46,4330,4376,2642,7018,12,414,426,198,624,6,620,626,660,1286,1,37,38,52,90,7,349,356,942,1298,0,49,49,109,158,250,280,530,194,161,161,149558
"2021-11-03 00:00:00",50,4524,4574,2567,7141,12,410,422,202,624,8,673,681,595,1276,0,38,38,52,90,7,350,357,939,1296,0,47,47,110,157,256,278,534,194,161,161,149618
"2021-11-04 00:00:00",48,4594,4642,2510,7152,13,415,428,200,628,12,684,696,617,1313,0,44,44,52,96,8,331,339,965,1304,0,46,46,118,164,247,280,527,194,161,161,149679
"2021-11-05 00:00:00",47,4489,4536,2583,7119,14,422,436,195,631,9,722,731,579,1310,0,43,43,54,97,9,337,346,961,1307,0,44,44,118,162,227,286,513,194,161,161,149754
"2021-11-06 00:00:00",41,4284,4325,2720,7045,12,420,432,201,633,12,697,709,567,1276,1,43,44,56,100,8,345,353,949,1302,0,48,48,108,156,213,293,506,194,161,161,149785
"2021-11-07 00:00:00",34,4212,4246,2782,7028,10,416,426,202,628,12,697,709,615,1324,1,42,43,57,100,7,334,341,964,1305,0,47,47,109,156,221,289,510,194,161,161,149792
"2021-11-08 00:00:00",49,4083,4132,2918,7050,9,405,414,215,629,16,664,680,574,1254,1,42,43,54,97,5,357,362,962,1324,0,44,44,118,162,244,288,532,194,161,161,149886
"2021-11-09 00:00:00",47,4298,4345,2740,7085,9,423,432,202,634,9,706,715,592,1307,1,40,41,58,99,3,348,351,966,1317,0,48,48,112,160,251,281,532,194,161,161,149953
"2021-11-10 00:00:00",63,4414,4477,2609,7086,9,438,447,187,634,8,720,728,622,1350,1,46,47,43,90,3,346,349,952,1301,0,45,45,121,166,259,278,537,194,161,161,150005
